payment_id,policy_id,payment_date,amount
1,26,2025-12-26,1020.51
2,283,2026-02-17,1133.09
3,230,2025-07-24,1239.11
4,191,2025-10-22,1365.79
5,359,2026-02-05,778.49
6,26,2025-11-28,1632.69
7,492,2025-08-20,1445.38
8,327,2025-10-28,886.62
9,292,2025-03-24,1212.74
10,181,2025-11-19,1027.06
11,328,2025-07-16,1153.51
12,239,2025-08-20,1926.66
13,374,2025-09-16,321.87
14,86,2025-03-16,1926.58
15,458,2026-01-07,300.66
16,477,2026-02-07,498.6
17,133,2026-01-31,419.97
18,185,2025-06-09,1264.07
19,498,2025-05-24,1894.48
20,499,2025-10-25,737.05
21,12,2026-03-01,656.27
22,262,2025-05-07,1812.43
23,449,2026-01-11,153.91
24,84,2025-09-11,254.93
25,207,2025-09-09,387.1
26,410,2025-08-01,833.43
27,194,2025-05-23,1722.85
28,20,2025-07-16,1667.17
29,16,2025-08-09,674.85
30,151,2025-08-20,774.71
31,288,2025-08-09,643.38
32,282,2025-10-28,1780.1
33,165,2025-05-10,1656.11
34,18,2025-08-30,1405.73
35,78,2026-01-18,1063.66
36,330,2025-09-22,1431.87
37,295,2025-07-01,615.12
38,226,2026-02-04,651.62
39,250,2025-12-23,1424.99
40,142,2025-07-13,542.16
41,194,2025-12-02,961.3
42,252,2025-04-04,690.93
43,452,2025-12-20,442.12
44,342,2025-07-01,714.38
45,65,2025-09-25,160.09
46,122,2025-12-16,178.37
47,480,2026-01-22,1253.49
48,489,2025-11-28,507.42
49,58,2025-03-20,1401.79
50,361,2026-03-05,655.89
51,308,2025-06-29,559.03
52,190,2025-05-01,661.68
53,37,2025-08-14,1545.82
54,233,2025-04-19,988.4
55,139,2025-06-05,1008.82
56,160,2026-02-17,1398.44
57,454,2025-06-03,1227.52
58,137,2025-05-20,827.59
59,134,2025-07-05,897.06
60,309,2026-01-15,294.11
61,349,2025-06-17,1721.4
62,433,2025-07-02,1629.07
63,245,2025-09-18,904.0
64,6,2025-06-12,1750.17
65,492,2025-06-08,1632.17
66,238,2026-02-16,1834.79
67,219,2025-07-20,141.85
68,306,2025-03-31,1928.51
69,489,2025-07-22,1324.14
70,218,2025-07-12,1276.45
71,465,2025-10-18,1954.6
72,293,2025-10-03,321.69
73,140,2025-07-10,1931.18
74,356,2025-03-25,291.46
75,376,2025-05-28,603.88
76,95,2025-06-19,450.2
77,491,2025-06-27,135.94
78,292,2025-12-10,791.16
79,179,2025-09-03,507.14
80,335,2026-03-05,1930.69
81,482,2025-03-15,581.09
82,437,2025-03-25,1349.36
83,422,2025-11-27,1027.04
84,329,2025-11-01,1516.95
85,65,2025-07-17,785.59
86,479,2025-05-09,966.23
87,177,2025-09-24,1207.85
88,155,2025-11-20,969.85
89,23,2025-07-04,296.51
90,194,2025-12-22,317.32
91,181,2026-01-04,677.01
92,229,2025-10-13,212.18
93,408,2025-07-15,1054.44
94,120,2025-12-31,532.82
95,319,2025-07-11,1706.18
96,209,2025-03-14,842.77
97,298,2025-05-05,246.48
98,203,2025-08-05,1956.93
99,477,2026-01-31,1428.29
100,251,2025-12-28,1546.98
101,288,2026-01-21,1394.84
102,179,2026-02-11,1574.34
103,19,2026-01-22,900.67
104,10,2025-06-15,524.12
105,495,2025-12-10,549.36
106,463,2025-07-01,1499.01
107,80,2025-04-14,1821.22
108,72,2025-11-28,667.22
109,142,2025-07-18,806.47
110,129,2025-05-03,1203.47
111,452,2025-11-16,818.81
112,112,2025-11-26,624.11
113,219,2025-04-24,1868.77
114,233,2025-12-16,484.63
115,97,2026-01-13,469.2
116,404,2025-11-27,199.85
117,63,2025-08-02,1867.4
118,200,2025-06-05,486.88
119,213,2025-12-22,548.99
120,493,2025-10-30,772.24
121,165,2025-09-22,423.95
122,96,2025-12-11,101.41
123,324,2025-04-29,947.34
124,245,2025-06-02,1637.64
125,430,2025-04-11,595.21
126,194,2025-12-04,599.87
127,100,2025-12-28,1877.01
128,229,2026-02-03,1177.55
129,351,2025-05-29,1937.29
130,268,2025-03-25,1282.31
131,376,2025-06-08,595.97
132,495,2026-01-13,1925.0
133,299,2025-06-07,463.33
134,284,2025-08-18,631.92
135,113,2025-12-31,1570.48
136,381,2025-06-02,224.86
137,476,2025-11-19,1921.23
138,19,2026-02-15,1254.29
139,211,2025-08-27,508.49
140,338,2025-12-29,1968.64
141,132,2025-12-30,621.28
142,310,2025-04-30,623.47
143,46,2025-04-04,1067.95
144,204,2025-11-22,475.84
145,433,2026-01-18,817.32
146,233,2025-12-06,237.2
147,356,2025-08-16,323.59
148,397,2025-05-07,1772.38
149,391,2025-09-21,1426.54
150,107,2025-12-04,1521.07
151,309,2025-04-09,1194.05
152,424,2026-01-01,318.32
153,55,2026-03-01,714.96
154,14,2025-12-10,1507.73
155,160,2025-05-12,658.17
156,267,2025-06-09,862.49
157,61,2025-11-03,707.81
158,210,2025-09-02,1566.93
159,122,2025-09-18,573.46
160,495,2025-04-29,770.49
161,346,2025-12-01,1971.44
162,160,2025-07-28,1484.37
163,123,2025-10-05,435.86
164,342,2026-02-20,745.54
165,45,2025-05-10,711.99
166,182,2025-04-03,1961.66
167,75,2025-09-09,588.42
168,435,2025-05-07,200.25
169,12,2025-03-06,424.67
170,382,2025-10-19,270.47
171,150,2025-09-22,1821.49
172,319,2025-03-13,350.54
173,30,2025-03-20,509.55
174,14,2025-08-10,841.44
175,55,2026-01-19,1577.73
176,248,2025-07-19,541.24
177,42,2025-12-19,1568.0
178,142,2025-08-14,959.81
179,333,2026-02-27,1642.0
180,464,2025-06-14,352.31
181,171,2025-07-22,1452.22
182,479,2025-10-26,812.77
183,411,2025-06-29,330.7
184,140,2026-03-01,1176.47
185,389,2025-03-09,414.01
186,104,2026-01-03,1870.59
187,431,2025-11-13,728.05
188,330,2025-05-26,1435.14
189,51,2025-11-26,1673.92
190,93,2025-07-12,779.26
191,422,2025-06-22,1656.47
192,32,2025-12-10,1832.05
193,246,2025-09-25,1665.3
194,465,2025-08-22,1381.45
195,12,2025-05-04,983.71
196,360,2025-05-25,1685.8
197,76,2025-12-11,787.8
198,241,2025-12-06,1316.61
199,485,2025-10-02,643.64
200,159,2025-06-05,579.84
201,186,2025-04-15,1630.8
202,223,2025-11-11,199.73
203,35,2026-01-27,899.41
204,269,2026-02-04,912.11
205,29,2025-08-11,460.52
206,248,2025-04-29,990.53
207,319,2025-10-16,1570.73
208,407,2026-02-23,705.96
209,322,2025-10-18,819.17
210,455,2025-12-16,874.9
211,217,2025-09-14,1442.78
212,340,2025-03-23,593.01
213,439,2025-08-23,1314.91
214,28,2025-12-27,1287.15
215,41,2025-07-08,1751.06
216,88,2025-05-15,852.73
217,6,2025-07-21,248.9
218,210,2025-08-04,1185.49
219,92,2025-10-09,1376.41
220,346,2025-11-05,832.73
221,146,2025-11-27,244.13
222,439,2025-05-26,1408.2
223,194,2025-03-18,1144.09
224,200,2026-01-14,1850.1
225,37,2025-06-18,798.02
226,49,2025-12-15,1393.22
227,229,2026-01-18,210.36
228,406,2026-01-12,188.14
229,38,2025-05-22,615.33
230,484,2025-06-13,1253.17
231,492,2025-12-10,1738.17
232,329,2025-05-26,1093.86
233,164,2025-04-01,1197.49
234,129,2026-01-28,891.04
235,284,2025-12-31,1050.25
236,375,2026-02-22,405.28
237,105,2025-05-14,1198.62
238,197,2026-01-01,1418.56
239,440,2025-10-05,1473.01
240,479,2025-05-25,1805.05
241,392,2025-11-27,835.1
242,420,2025-03-29,1701.43
243,382,2025-05-31,1525.39
244,59,2025-07-28,1542.14
245,140,2026-03-03,428.63
246,291,2025-08-14,1478.07
247,279,2025-05-15,601.71
248,91,2026-02-02,1491.32
249,75,2025-12-25,375.66
250,300,2025-09-05,710.64
251,147,2025-08-01,1911.87
252,265,2025-05-05,1636.32
253,382,2025-05-24,489.97
254,290,2025-12-04,1612.33
255,445,2025-03-25,831.71
256,337,2025-05-18,1248.55
257,405,2025-06-17,1412.89
258,330,2025-03-15,1283.4
259,459,2026-03-04,1701.81
260,14,2025-12-28,156.42
261,89,2025-07-26,1854.23
262,423,2025-06-02,993.84
263,340,2025-09-19,1406.59
264,22,2025-06-06,111.82
265,198,2025-05-21,819.77
266,9,2025-06-06,1838.74
267,376,2025-07-10,1525.16
268,160,2025-07-07,1168.99
269,7,2026-01-11,274.14
270,31,2026-01-18,986.01
271,362,2025-05-04,1664.99
272,68,2026-02-08,1785.27
273,495,2025-03-21,1094.25
274,44,2025-05-19,643.11
275,259,2026-02-05,1252.8
276,168,2025-08-12,846.23
277,184,2025-06-05,369.32
278,471,2025-04-25,1181.94
279,403,2025-09-19,310.41
280,217,2025-05-08,370.83
281,354,2026-02-20,1357.89
282,490,2026-02-11,217.89
283,372,2025-07-31,1250.83
284,333,2025-03-13,487.83
285,65,2025-05-01,820.55
286,109,2025-06-06,1650.34
287,367,2025-04-26,461.06
288,46,2025-12-13,239.23
289,52,2025-03-17,785.84
290,444,2025-07-06,1260.28
291,168,2025-06-01,196.42
292,427,2025-10-12,825.66
293,471,2025-06-28,684.28
294,200,2026-02-01,347.96
295,115,2025-08-02,349.43
296,3,2025-03-17,136.27
297,258,2025-12-25,909.22
298,439,2025-11-14,790.04
299,457,2025-08-06,1832.29
300,406,2026-02-23,1124.47
301,227,2025-09-23,783.87
302,255,2025-12-10,207.26
303,496,2025-09-16,1665.79
304,404,2025-06-10,846.51
305,249,2025-05-11,1056.42
306,300,2025-07-27,1933.84
307,305,2025-12-24,832.91
308,292,2025-03-14,1593.09
309,212,2025-04-17,514.92
310,351,2025-05-27,1139.98
311,437,2025-09-07,753.1
312,84,2025-09-06,1043.33
313,159,2025-04-09,456.51
314,406,2025-06-06,625.42
315,396,2025-03-30,489.11
316,72,2025-12-10,1650.11
317,54,2025-06-26,1993.56
318,300,2025-12-19,593.84
319,275,2026-02-20,984.95
320,427,2025-06-20,1226.61
321,142,2026-01-11,1122.42
322,415,2025-05-26,1891.84
323,28,2025-09-27,1190.52
324,438,2025-12-31,1574.41
325,417,2025-07-19,831.1
326,290,2025-04-03,1729.57
327,238,2025-10-31,1053.95
328,10,2026-02-08,1234.81
329,244,2025-10-29,112.56
330,47,2025-10-30,408.98
331,253,2025-10-11,370.19
332,155,2025-11-16,1506.29
333,493,2025-11-16,168.22
334,274,2025-10-20,1388.84
335,147,2025-06-04,1461.12
336,53,2025-03-06,1028.04
337,216,2026-02-06,949.26
338,353,2026-01-25,1187.52
339,333,2025-08-10,934.46
340,200,2025-08-27,280.24
341,270,2025-05-16,619.85
342,95,2025-05-09,1060.05
343,276,2025-06-13,1874.72
344,487,2025-11-22,1359.49
345,159,2025-04-15,1176.18
346,275,2025-07-15,1317.8
347,492,2025-03-10,1994.64
348,327,2025-04-11,745.73
349,457,2025-09-21,1323.31
350,425,2026-02-17,169.12
351,77,2025-03-27,1771.53
352,446,2025-10-18,1281.2
353,377,2025-05-12,1705.56
354,98,2025-08-13,1346.88
355,382,2025-08-13,995.91
356,197,2025-06-21,137.91
357,366,2025-04-28,1125.96
358,261,2025-06-27,757.34
359,294,2025-07-25,303.91
360,413,2025-10-01,273.11
361,425,2025-04-05,1515.32
362,183,2025-04-30,820.33
363,359,2025-04-10,1625.63
364,399,2025-05-22,1888.54
365,402,2025-11-17,1765.34
366,438,2025-11-16,1343.83
367,174,2025-10-25,1815.52
368,158,2025-12-30,859.96
369,368,2025-09-28,628.93
370,133,2025-11-25,1222.71
371,481,2025-03-30,420.65
372,139,2025-12-03,887.26
373,381,2025-09-20,1648.08
374,215,2025-08-31,209.96
375,283,2025-04-08,1810.19
376,204,2025-05-30,1693.73
377,407,2025-07-01,1261.35
378,151,2025-06-10,351.73
379,448,2025-12-03,1280.37
380,415,2025-04-26,1940.8
381,269,2025-11-19,294.31
382,494,2025-04-10,713.89
383,439,2025-04-02,659.01
384,2,2025-11-17,671.17
385,475,2025-03-11,1342.28
386,41,2025-06-20,694.35
387,147,2025-04-22,1573.47
388,209,2025-04-28,1782.59
389,131,2025-08-16,1658.2
390,34,2025-06-09,446.2
391,418,2025-12-13,1628.06
392,30,2026-03-04,1557.74
393,424,2025-10-11,1783.18
394,67,2025-08-08,1964.27
395,256,2026-03-04,1787.89
396,320,2025-04-06,1710.6
397,427,2025-04-21,359.23
398,11,2025-12-08,1620.29
399,87,2025-08-24,358.96
400,268,2025-07-30,190.45
401,171,2025-09-13,1832.04
402,371,2025-08-27,1026.95
403,35,2025-07-15,873.24
404,336,2025-12-17,195.9
405,169,2026-01-28,1599.35
406,435,2025-03-11,1354.82
407,452,2025-09-08,1075.99
408,370,2025-03-17,1596.63
409,81,2025-03-27,1391.87
410,131,2025-03-13,626.22
411,445,2025-08-09,607.64
412,380,2025-10-01,733.43
413,173,2025-12-03,1134.28
414,414,2026-01-27,1225.58
415,226,2025-11-12,1107.87
416,468,2026-01-01,933.49
417,290,2025-07-28,1310.32
418,467,2026-01-25,1873.23
419,39,2025-08-08,1681.83
420,463,2025-05-06,1732.44
421,368,2025-08-16,484.8
422,498,2025-11-06,1664.39
423,372,2025-07-04,1268.82
424,247,2025-05-26,917.45
425,393,2025-08-19,659.84
426,343,2025-06-19,569.51
427,477,2026-01-27,949.43
428,89,2025-11-09,700.91
429,392,2025-05-20,1047.43
430,372,2025-08-15,1759.38
431,269,2025-10-08,720.22
432,472,2026-01-04,343.03
433,237,2026-02-14,275.38
434,201,2026-01-26,313.71
435,126,2026-01-15,1272.81
436,163,2025-08-03,1677.07
437,318,2025-09-18,1324.91
438,61,2025-04-20,297.94
439,55,2025-04-22,1594.95
440,129,2025-12-09,1144.05
441,389,2025-08-22,1018.43
442,98,2025-07-09,951.68
443,409,2025-04-02,1187.98
444,264,2025-07-21,231.83
445,180,2025-04-25,543.06
446,446,2025-09-07,1233.25
447,418,2025-03-12,1851.17
448,114,2025-04-21,660.07
449,250,2025-10-15,441.91
450,490,2025-09-15,1212.88
451,92,2025-12-03,1051.81
452,470,2026-02-06,786.77
453,354,2025-09-05,881.75
454,276,2025-05-09,423.61
455,285,2025-08-30,1686.82
456,318,2026-02-12,1703.29
457,209,2026-01-31,1089.78
458,297,2025-05-17,367.75
459,138,2026-03-04,342.81
460,302,2025-11-28,1767.93
461,239,2025-04-07,1156.36
462,354,2025-07-25,480.96
463,15,2025-10-03,1725.51
464,359,2025-06-02,1416.61
465,413,2025-05-31,1265.26
466,366,2025-08-26,175.01
467,67,2025-10-04,866.94
468,97,2025-08-04,1314.78
469,430,2025-04-03,229.4
470,39,2025-03-13,1398.64
471,430,2025-08-31,1753.1
472,297,2026-02-16,1929.0
473,102,2026-02-21,1913.51
474,366,2026-01-13,1528.17
475,248,2025-03-18,768.42
476,255,2025-10-23,1903.12
477,259,2025-06-15,714.69
478,330,2026-02-24,1877.74
479,129,2026-02-13,546.71
480,471,2025-09-14,1236.42
481,478,2025-10-02,1782.63
482,495,2025-07-02,117.96
483,197,2025-10-11,1631.53
484,157,2025-05-05,1014.38
485,303,2025-05-25,1411.58
486,292,2025-12-10,521.03
487,203,2025-07-05,174.66
488,168,2025-05-05,453.37
489,146,2025-08-08,1906.39
490,498,2026-01-25,654.42
491,374,2025-08-07,1112.29
492,392,2025-06-27,895.19
493,68,2025-12-06,1664.41
494,398,2025-08-23,1270.06
495,21,2025-06-03,903.75
496,135,2025-06-14,851.92
497,17,2025-05-15,1923.89
498,280,2025-06-30,879.26
499,6,2025-04-19,505.26
500,389,2025-09-19,1122.68
501,97,2025-04-15,329.33
502,364,2025-03-15,239.58
503,298,2025-12-08,274.16
504,394,2025-10-05,754.16
505,385,2025-10-21,200.78
506,430,2025-09-18,1746.65
507,462,2026-03-02,1610.53
508,105,2025-12-21,132.81
509,263,2025-06-24,1718.98
510,345,2025-05-04,1402.24
511,210,2025-08-12,126.79
512,335,2025-07-10,1636.0
513,407,2025-09-08,254.71
514,65,2025-07-15,986.27
515,61,2025-04-20,657.81
516,441,2025-11-05,1231.81
517,396,2025-04-22,885.64
518,290,2026-01-07,1456.83
519,439,2025-04-11,1898.35
520,226,2025-07-12,471.62
521,143,2025-08-03,441.21
522,353,2025-03-17,321.44
523,399,2025-04-19,403.5
524,439,2025-05-06,740.67
525,371,2025-09-07,1564.78
526,418,2025-05-06,677.41
527,196,2025-12-19,1991.36
528,286,2025-05-28,1427.41
529,2,2025-05-04,1548.34
530,39,2025-08-24,1346.61
531,169,2025-09-28,1301.79
532,378,2025-08-03,628.61
533,395,2025-12-19,1304.5
534,157,2025-03-24,1519.56
535,75,2025-08-30,766.04
536,137,2026-01-01,1756.9
537,73,2025-04-30,971.78
538,451,2025-04-20,216.8
539,321,2025-10-17,1086.12
540,445,2025-12-03,978.77
541,427,2025-09-21,191.99
542,14,2025-04-21,995.48
543,124,2026-02-13,1955.03
544,274,2026-02-19,1888.56
545,94,2025-09-19,110.14
546,110,2025-10-14,1069.1
547,255,2025-07-21,713.91
548,463,2025-11-02,1916.3
549,165,2025-06-25,1694.62
550,57,2025-03-17,517.03
551,306,2025-12-24,313.96
552,297,2025-05-14,1108.43
553,83,2025-11-05,1108.48
554,32,2025-10-10,1962.27
555,95,2025-04-21,446.99
556,346,2025-11-23,750.11
557,345,2025-04-30,1977.38
558,240,2025-08-15,1247.96
559,384,2025-09-02,413.44
560,270,2025-11-20,1718.64
561,395,2025-05-19,579.17
562,49,2025-04-28,998.06
563,198,2025-11-03,1061.16
564,423,2025-07-15,752.58
565,81,2025-09-27,192.8
566,92,2026-01-28,1513.09
567,329,2025-09-13,420.19
568,197,2025-12-11,1091.7
569,236,2025-03-25,1372.84
570,219,2025-03-14,1336.83
571,194,2025-12-14,946.46
572,180,2025-12-18,322.98
573,389,2025-04-07,922.35
574,383,2025-06-03,1347.81
575,104,2025-09-12,1443.3
576,364,2025-04-23,792.28
577,219,2025-07-14,1510.17
578,205,2025-11-19,819.47
579,197,2026-01-30,1854.81
580,41,2025-03-11,615.43
581,172,2025-06-12,330.23
582,221,2025-03-16,1929.75
583,325,2025-03-11,1191.53
584,301,2025-03-27,1859.76
585,182,2025-11-14,854.62
586,132,2025-03-21,1397.08
587,346,2025-06-22,1196.25
588,24,2025-12-17,1167.73
589,185,2025-10-18,863.38
590,184,2025-11-06,1696.17
591,76,2025-03-30,677.49
592,181,2025-11-19,739.94
593,299,2025-09-25,1311.21
594,325,2025-04-11,1097.27
595,451,2026-01-21,1482.65
596,457,2025-10-13,457.99
597,31,2025-07-09,207.3
598,26,2025-05-01,1021.16
599,273,2025-11-28,957.99
600,194,2025-08-12,1744.78
601,394,2025-03-28,1459.67
602,48,2025-08-29,1842.0
603,458,2026-03-05,1134.27
604,76,2026-03-04,1583.57
605,167,2025-09-05,1847.57
606,81,2025-03-07,1053.7
607,242,2025-03-08,1429.24
608,415,2025-04-30,1454.15
609,248,2025-10-23,1715.69
610,452,2025-11-09,288.48
611,75,2025-05-08,1625.93
612,185,2025-03-08,1217.97
613,332,2025-12-17,1034.01
614,465,2025-12-16,931.92
615,218,2026-02-01,1115.05
616,156,2025-03-08,825.54
617,68,2025-11-26,1044.19
618,72,2025-04-16,1513.43
619,283,2025-07-26,1837.56
620,44,2025-06-29,1780.5
621,99,2025-04-28,1225.93
622,18,2025-07-17,659.35
623,312,2025-12-25,375.73
624,210,2025-05-11,1894.93
625,262,2025-04-18,858.6
626,415,2025-04-05,1348.53
627,462,2025-11-10,1223.87
628,370,2025-11-30,839.48
629,162,2025-07-10,1235.34
630,335,2025-06-08,355.81
631,402,2025-08-18,1376.29
632,44,2025-04-10,530.66
633,65,2025-10-14,289.79
634,451,2025-03-17,1143.1
635,350,2025-10-29,1573.51
636,11,2025-11-27,1971.3
637,327,2025-11-04,1857.82
638,104,2025-08-23,1809.33
639,78,2025-10-17,1328.37
640,442,2025-09-07,1793.57
641,494,2025-11-22,357.95
642,366,2026-01-23,238.02
643,41,2025-03-24,393.13
644,67,2025-08-31,1754.98
645,125,2025-04-08,1442.98
646,439,2025-05-10,1576.93
647,121,2025-10-16,1872.75
648,351,2025-05-17,489.97
649,374,2025-10-02,1941.77
650,90,2025-03-17,374.57
651,15,2025-05-06,1867.77
652,3,2025-09-25,1196.34
653,366,2025-03-17,1749.03
654,90,2025-07-25,1104.17
655,284,2025-09-29,693.11
656,205,2025-04-19,767.23
657,200,2026-01-28,1007.52
658,300,2025-12-06,1368.39
659,145,2025-03-30,443.41
660,244,2026-02-10,341.21
661,108,2025-05-28,339.63
662,217,2025-09-02,1738.25
663,430,2025-08-31,912.24
664,439,2025-10-24,285.72
665,20,2025-03-07,1515.29
666,61,2026-02-10,1584.3
667,116,2026-01-19,1048.96
668,332,2025-10-04,1767.61
669,353,2025-04-23,1520.91
670,86,2026-01-13,826.63
671,226,2025-10-10,1542.43
672,482,2025-11-13,939.52
673,294,2026-01-24,1012.6
674,73,2025-07-05,1890.39
675,452,2025-07-24,1802.29
676,333,2025-12-07,1765.76
677,166,2025-09-01,1912.83
678,308,2025-04-25,1153.59
679,148,2025-11-24,1174.83
680,49,2025-05-26,866.31
681,148,2025-11-23,464.24
682,325,2025-09-12,1200.98
683,197,2025-11-30,1064.52
684,126,2025-04-01,1886.35
685,176,2025-08-27,963.84
686,316,2026-02-13,1411.32
687,465,2025-04-15,1724.09
688,155,2026-03-01,1265.04
689,215,2025-05-29,454.13
690,14,2026-01-09,906.23
691,147,2025-04-09,1408.72
692,241,2025-08-08,1570.79
693,147,2026-02-20,1925.48
694,268,2025-10-01,1188.59
695,65,2025-11-25,398.19
696,480,2025-10-13,1555.83
697,383,2025-11-14,1923.32
698,222,2025-10-05,1078.48
699,112,2026-02-20,819.98
700,406,2025-08-28,310.42
701,120,2025-08-09,1825.03
702,270,2025-07-24,604.81
703,72,2025-07-12,1309.17
704,132,2026-02-04,1372.33
705,294,2025-05-27,725.39
706,418,2026-02-26,1931.79
707,102,2025-06-09,539.1
708,175,2025-05-27,658.85
709,120,2025-04-14,1056.12
710,264,2026-01-10,1922.96
711,376,2026-03-01,656.03
712,372,2025-08-29,140.49
713,358,2025-12-04,939.52
714,329,2026-02-20,1496.36
715,172,2025-08-05,847.85
716,83,2025-12-27,1771.65
717,373,2025-09-15,528.44
718,181,2025-11-22,582.01
719,352,2025-08-05,1571.69
720,64,2025-10-30,398.15
721,104,2025-03-29,516.96
722,39,2025-11-03,1447.76
723,456,2026-01-04,479.77
724,225,2025-03-09,1977.56
725,57,2026-01-30,503.86
726,228,2025-03-11,552.21
727,415,2025-05-18,1531.74
728,352,2026-02-11,1177.24
729,455,2025-11-12,1165.99
730,384,2025-10-03,1240.21
731,71,2025-03-07,1514.12
732,151,2025-08-14,501.5
733,275,2025-11-08,556.26
734,338,2025-03-08,1523.95
735,272,2025-03-09,899.9
736,39,2025-10-18,1489.3
737,447,2025-06-05,517.06
738,174,2025-08-14,543.84
739,473,2025-11-04,1500.89
740,247,2025-12-05,207.86
741,46,2026-02-03,790.46
742,395,2025-10-09,808.29
743,239,2025-10-22,1052.22
744,361,2025-05-25,1387.3
745,7,2025-09-11,1833.32
746,101,2025-11-14,387.68
747,245,2025-06-19,110.76
748,263,2025-04-11,909.97
749,53,2026-02-21,157.62
750,33,2025-03-17,1679.18
751,430,2025-09-24,300.02
752,457,2025-09-09,1321.31
753,25,2026-02-13,1328.58
754,192,2025-04-20,611.55
755,380,2025-09-11,1388.74
756,135,2025-12-12,1004.23
757,4,2026-02-12,212.33
758,337,2025-08-16,862.73
759,353,2025-11-14,855.92
760,183,2025-04-25,1519.49
761,159,2025-08-11,859.43
762,319,2025-12-17,1066.18
763,192,2025-11-11,102.67
764,277,2025-12-09,300.76
765,306,2025-07-17,264.72
766,281,2026-01-18,1902.17
767,295,2025-07-31,414.83
768,398,2025-03-05,262.79
769,73,2025-03-06,1433.42
770,35,2025-11-20,1415.91
771,492,2025-05-01,1440.41
772,285,2025-06-18,329.58
773,163,2025-10-01,1530.11
774,309,2025-08-07,873.43
775,10,2025-11-12,785.98
776,416,2026-01-07,1572.58
777,23,2025-06-17,707.54
778,206,2025-08-22,1053.0
779,405,2025-11-28,1172.99
780,262,2025-08-09,938.11
781,43,2025-05-15,596.16
782,87,2025-08-16,1053.09
783,122,2025-03-08,1846.87
784,79,2025-07-14,1378.33
785,50,2025-06-12,1976.71
786,200,2025-04-16,961.61
787,271,2025-04-06,1773.96
788,163,2025-07-07,1306.75
789,260,2025-08-10,591.88
790,450,2025-11-17,292.45
791,130,2026-01-29,386.33
792,174,2026-02-11,542.95
793,4,2026-01-03,1712.05
794,194,2025-06-30,803.43
795,192,2026-01-08,725.41
796,166,2026-02-04,1851.05
797,157,2025-09-18,307.78
798,206,2025-05-04,835.55
799,459,2025-10-04,1698.22
800,269,2025-11-06,620.21
801,116,2026-02-14,947.16
802,243,2025-11-17,1846.78
803,198,2025-05-01,1565.89
804,368,2025-06-23,743.75
805,255,2025-12-30,1780.79
806,237,2025-07-16,1267.35
807,3,2025-06-03,898.0
808,123,2025-04-19,1037.8
809,110,2025-04-03,834.66
810,77,2026-03-04,404.78
811,407,2025-04-05,1975.17
812,116,2025-09-16,989.5
813,29,2025-06-20,1377.0
814,7,2025-05-05,1883.13
815,103,2025-12-14,100.6
816,50,2025-06-21,867.03
817,139,2025-08-26,1587.58
818,312,2026-01-08,1354.61
819,150,2025-07-25,1987.01
820,31,2025-05-02,777.25
821,285,2025-05-13,1609.89
822,127,2025-03-09,1243.73
823,377,2025-09-11,132.57
824,473,2025-04-27,1561.22
825,402,2025-10-09,978.3
826,406,2025-08-18,112.14
827,445,2025-08-23,101.88
828,130,2026-01-07,1465.47
829,213,2025-12-18,851.44
830,419,2025-09-30,984.38
831,364,2026-01-08,696.61
832,12,2025-04-15,1176.28
833,211,2025-07-02,1212.47
834,125,2025-09-13,1916.85
835,16,2025-09-11,1204.09
836,173,2025-08-16,360.62
837,419,2025-07-19,1208.59
838,496,2025-05-28,1387.02
839,8,2025-09-02,1066.56
840,36,2025-11-29,348.87
841,232,2025-05-12,1067.25
842,71,2025-08-20,836.03
843,468,2025-08-21,1768.97
844,361,2026-03-02,1989.02
845,314,2026-02-07,821.09
846,311,2025-05-05,588.41
847,274,2025-04-07,626.17
848,97,2025-09-14,620.47
849,88,2026-01-05,1742.61
850,408,2025-04-25,765.97
851,78,2026-02-26,542.14
852,313,2025-12-04,294.09
853,1,2025-08-20,1302.92
854,165,2025-11-24,257.53
855,139,2025-11-10,1892.82
856,430,2025-05-27,1491.54
857,100,2025-05-09,1014.08
858,264,2025-06-02,1148.83
859,474,2025-09-19,1527.35
860,451,2025-03-27,1119.9
861,408,2025-03-07,384.2
862,182,2025-06-24,1608.06
863,134,2026-01-18,1871.15
864,197,2025-10-27,604.14
865,389,2025-03-20,1922.81
866,494,2025-06-01,447.45
867,214,2025-12-24,225.86
868,344,2025-05-26,840.06
869,377,2025-12-18,310.47
870,144,2026-01-22,161.07
871,416,2026-02-06,1592.38
872,94,2025-11-02,161.42
873,364,2025-08-16,1652.28
874,334,2026-01-30,124.69
875,430,2026-02-26,1928.72
876,4,2025-08-20,1362.71
877,45,2025-11-07,1023.27
878,52,2025-10-01,1500.9
879,205,2025-11-27,1043.55
880,257,2025-09-24,1157.1
881,244,2025-06-05,1389.57
882,30,2025-12-22,370.16
883,414,2025-08-22,1606.61
884,331,2025-05-25,1618.39
885,281,2025-11-07,1206.5
886,46,2025-09-21,1849.71
887,75,2025-11-30,1432.47
888,279,2025-09-22,138.57
889,60,2026-02-02,613.05
890,451,2026-01-13,1286.9
891,36,2025-11-27,396.08
892,389,2025-12-01,1439.55
893,79,2025-06-03,978.51
894,294,2025-09-09,1682.96
895,46,2026-01-16,1401.37
896,371,2026-02-15,1276.82
897,441,2025-11-18,1272.91
898,382,2025-03-15,1257.12
899,275,2025-03-25,342.05
900,71,2025-05-25,414.62
901,287,2025-07-26,1566.27
902,424,2026-01-08,1623.06
903,197,2025-05-07,159.5
904,444,2025-09-21,232.5
905,98,2025-12-11,1296.9
906,220,2025-11-02,438.32
907,196,2026-02-09,322.19
908,150,2025-12-17,414.25
909,379,2025-06-09,1161.14
910,450,2025-08-15,355.34
911,153,2025-09-27,970.28
912,136,2025-03-10,992.59
913,250,2025-05-13,738.83
914,324,2025-11-02,1903.5
915,324,2025-10-28,1572.01
916,237,2026-02-11,551.22
917,489,2025-06-23,1391.19
918,445,2025-06-14,1786.47
919,303,2025-06-06,310.04
920,44,2025-06-22,283.95
921,338,2025-10-07,1872.69
922,495,2025-04-20,1587.95
923,277,2026-03-05,1237.83
924,307,2025-11-23,736.23
925,358,2025-11-10,1511.29
926,128,2025-10-11,1397.45
927,242,2026-02-08,802.47
928,132,2025-04-29,1371.15
929,265,2025-07-26,354.04
930,94,2025-07-29,1242.24
931,226,2025-03-21,1828.54
932,207,2025-07-20,463.74
933,168,2025-11-11,1908.18
934,297,2026-02-06,447.05
935,312,2025-09-07,963.76
936,485,2026-01-07,1815.55
937,408,2025-07-30,1770.62
938,156,2025-11-03,1237.46
939,228,2025-09-17,1108.3
940,346,2025-08-14,213.84
941,253,2025-08-21,1074.39
942,468,2025-04-26,1658.04
943,392,2025-03-19,1957.03
944,426,2025-06-01,1291.78
945,472,2025-05-13,760.58
946,419,2025-05-27,642.89
947,61,2025-09-15,1650.27
948,302,2025-09-09,482.84
949,499,2025-05-19,1177.02
950,228,2025-09-04,573.74
951,500,2025-07-14,287.83
952,176,2025-12-02,182.86
953,258,2025-10-03,175.27
954,472,2026-01-01,609.31
955,58,2025-12-10,869.78
956,29,2025-11-15,1545.54
957,115,2025-03-15,1402.58
958,493,2026-02-26,1065.62
959,406,2025-06-05,491.93
960,136,2026-02-02,682.05
961,356,2025-07-21,627.67
962,476,2025-08-28,602.97
963,490,2025-06-25,490.65
964,129,2025-05-28,635.28
965,42,2025-04-12,161.04
966,317,2025-09-19,1799.36
967,320,2025-12-12,1587.84
968,268,2025-09-17,882.37
969,1,2025-03-20,1193.59
970,7,2025-03-24,1740.18
971,446,2025-12-24,368.92
972,399,2025-08-09,1867.18
973,131,2025-10-19,1313.48
974,125,2025-09-25,1979.32
975,351,2026-01-21,1634.75
976,145,2025-03-24,914.67
977,293,2026-01-12,1448.77
978,371,2025-03-17,1932.59
979,304,2025-03-19,907.33
980,70,2025-11-19,955.3
981,60,2025-09-05,840.95
982,319,2025-07-28,1993.71
983,116,2025-06-10,667.83
984,456,2025-11-14,1971.28
985,138,2025-07-24,409.23
986,222,2025-10-11,326.91
987,208,2025-07-21,200.95
988,212,2026-01-04,913.28
989,93,2025-07-01,471.69
990,133,2025-05-07,354.27
991,321,2026-01-07,1345.69
992,162,2025-11-19,124.05
993,119,2025-12-05,630.01
994,275,2025-07-26,1930.74
995,410,2025-10-24,1845.74
996,90,2026-02-25,378.06
997,149,2026-02-14,1522.88
998,406,2026-01-13,1377.37
999,425,2025-10-10,848.08
1000,421,2025-07-06,1656.72
1001,184,2025-03-27,1486.74
1002,171,2025-03-30,1113.17
1003,96,2026-01-12,258.71
1004,425,2025-07-26,163.2
1005,5,2026-03-05,209.4
1006,319,2025-12-22,1434.25
1007,379,2026-02-16,439.44
1008,295,2025-08-16,1701.35
1009,125,2025-03-06,1779.33
1010,347,2025-04-26,1535.13
1011,136,2025-09-20,1265.14
1012,210,2026-02-27,1827.64
1013,312,2025-04-10,758.43
1014,405,2026-01-05,1466.36
1015,378,2025-12-27,712.14
1016,278,2025-03-07,693.93
1017,362,2025-05-30,1600.58
1018,135,2025-04-06,459.72
1019,377,2025-10-25,1446.08
1020,473,2025-09-10,357.24
1021,247,2025-09-30,493.82
1022,420,2025-06-01,136.21
1023,157,2025-08-24,1567.23
1024,60,2025-05-04,1211.1
1025,142,2026-01-18,951.22
1026,214,2025-12-27,1426.63
1027,218,2025-06-29,1552.32
1028,172,2026-01-24,1422.31
1029,471,2025-07-31,1706.04
1030,182,2025-05-21,1392.94
1031,15,2025-12-08,1913.4
1032,480,2026-03-05,1950.14
1033,439,2025-08-22,475.83
1034,346,2025-09-08,511.92
1035,492,2025-04-09,296.11
1036,144,2026-02-28,836.91
1037,234,2025-12-07,557.02
1038,352,2025-04-07,1140.88
1039,27,2025-05-20,1278.51
1040,255,2025-10-27,641.13
1041,340,2026-01-30,1289.5
1042,3,2026-02-20,937.75
1043,32,2025-09-12,1372.93
1044,183,2026-01-11,1596.53
1045,19,2025-11-06,1482.61
1046,374,2025-12-27,1867.1
1047,415,2025-03-28,1008.3
1048,24,2025-12-01,1833.15
1049,284,2025-09-01,198.02
1050,396,2025-04-19,1968.91
1051,349,2025-06-02,1733.47
1052,113,2025-10-16,194.32
1053,370,2026-01-13,1684.59
1054,368,2025-03-21,485.67
1055,92,2025-07-30,1706.9
1056,97,2025-05-22,1117.97
1057,338,2026-02-19,420.52
1058,157,2025-12-04,238.3
1059,162,2025-07-30,804.13
1060,396,2026-01-31,1267.8
1061,245,2026-01-17,854.88
1062,317,2025-04-21,1187.06
1063,391,2025-07-06,1548.93
1064,183,2025-08-16,1970.58
1065,52,2025-12-20,352.23
1066,169,2025-05-10,670.62
1067,153,2026-02-25,1036.94
1068,241,2025-09-11,557.44
1069,44,2025-03-25,1702.83
1070,241,2025-08-24,621.99
1071,360,2025-05-06,406.85
1072,141,2025-09-29,557.08
1073,180,2025-12-13,112.4
1074,389,2025-06-30,1227.67
1075,242,2025-10-31,1443.89
1076,356,2025-07-18,216.98
1077,288,2025-05-20,1562.36
1078,424,2026-01-05,291.36
1079,105,2025-08-09,1698.6
1080,379,2025-09-01,1502.89
1081,249,2025-03-06,1273.13
1082,42,2025-10-25,356.38
1083,272,2025-06-22,1427.64
1084,418,2025-11-23,949.88
1085,471,2026-02-08,934.49
1086,318,2025-05-02,1196.66
1087,461,2026-01-20,1043.91
1088,468,2025-04-02,1285.55
1089,359,2025-05-26,1794.38
1090,339,2025-09-05,1068.74
1091,192,2025-08-12,508.8
1092,171,2025-08-26,1804.29
1093,442,2025-08-11,687.9
1094,85,2025-06-26,1714.44
1095,314,2026-02-10,1611.82
1096,289,2025-11-29,1765.78
1097,484,2025-08-24,278.88
1098,486,2025-05-21,1566.72
1099,258,2025-10-10,609.92
1100,405,2025-03-31,257.01
1101,221,2025-05-23,227.0
1102,141,2025-12-12,546.1
1103,383,2026-03-03,265.18
1104,213,2026-01-11,1829.84
1105,278,2025-05-21,881.19
1106,85,2025-08-31,912.53
1107,167,2025-12-11,872.3
1108,78,2025-09-04,134.35
1109,316,2025-08-05,276.31
1110,2,2025-07-13,303.42
1111,367,2026-01-13,548.4
1112,221,2025-03-25,1521.27
1113,150,2025-03-27,785.05
1114,154,2025-09-17,1005.08
1115,400,2025-11-27,1112.91
1116,373,2025-08-18,152.96
1117,217,2025-08-30,262.88
1118,428,2026-02-23,457.7
1119,60,2026-01-23,601.09
1120,174,2025-09-27,1444.62
1121,144,2025-05-11,718.57
1122,444,2026-01-14,894.97
1123,30,2025-03-07,1362.26
1124,435,2026-01-06,1160.33
1125,264,2026-01-08,1047.16
1126,84,2025-04-30,1615.77
1127,264,2025-12-03,316.02
1128,216,2025-09-02,144.3
1129,407,2025-10-18,213.13
1130,432,2026-01-14,753.05
1131,381,2025-08-29,1932.41
1132,210,2025-08-16,1313.71
1133,142,2025-05-11,287.82
1134,323,2025-12-28,486.78
1135,353,2025-09-11,306.78
1136,413,2025-08-21,1407.71
1137,69,2025-12-15,125.6
1138,306,2025-12-01,1551.43
1139,385,2025-12-01,755.7
1140,460,2025-05-08,1126.48
1141,487,2026-02-10,555.61
1142,100,2025-06-07,1120.96
1143,169,2025-10-10,844.6
1144,500,2026-01-24,215.06
1145,123,2026-01-30,691.24
1146,425,2025-05-01,297.77
1147,51,2025-11-02,526.02
1148,216,2025-06-12,1555.05
1149,27,2025-07-25,592.47
1150,453,2025-03-16,1256.14
1151,399,2025-04-17,1199.39
1152,130,2025-07-11,751.48
1153,386,2025-12-09,1048.49
1154,441,2025-06-19,233.38
1155,377,2025-03-10,1615.46
1156,486,2025-10-30,714.43
1157,133,2025-12-04,137.8
1158,91,2025-12-05,1266.59
1159,62,2025-05-06,1178.12
1160,197,2025-07-25,1870.46
1161,64,2025-10-06,244.9
1162,265,2026-02-12,772.19
1163,82,2025-07-03,772.57
1164,299,2025-11-29,1120.42
1165,251,2025-05-22,304.29
1166,9,2025-12-01,1302.5
1167,175,2025-06-12,395.32
1168,34,2025-11-24,1797.01
1169,137,2025-04-13,767.15
1170,99,2025-09-01,1403.42
1171,116,2025-08-24,333.31
1172,357,2025-05-06,634.87
1173,184,2025-09-30,358.3
1174,5,2025-11-28,515.17
1175,410,2026-01-14,579.51
1176,450,2025-05-06,938.06
1177,75,2025-04-29,1551.25
1178,64,2025-03-10,1786.99
1179,28,2025-08-24,1197.66
1180,477,2025-10-30,363.27
1181,193,2025-07-26,1240.11
1182,280,2026-01-20,1867.52
1183,54,2025-12-04,1937.47
1184,398,2025-03-22,1506.4
1185,183,2025-09-02,1953.22
1186,120,2026-02-26,545.55
1187,399,2026-01-26,1031.9
1188,322,2025-12-21,834.95
1189,20,2025-08-21,416.48
1190,458,2025-03-24,1132.83
1191,357,2026-03-03,1001.52
1192,82,2026-01-25,531.04
1193,492,2025-10-08,1668.79
1194,81,2026-02-07,1771.21
1195,68,2025-12-12,1620.83
1196,111,2026-01-19,1840.44
1197,13,2025-06-23,1221.41
1198,4,2025-06-04,1426.09
1199,104,2026-02-17,1218.16
1200,177,2025-05-29,1286.33
1201,96,2026-01-25,668.48
1202,162,2025-10-23,1363.59
1203,292,2025-03-21,1451.34
1204,437,2025-07-20,1019.42
1205,26,2025-05-01,1930.1
1206,38,2025-09-24,1943.88
1207,378,2025-09-15,480.0
1208,464,2025-03-21,580.45
1209,214,2026-02-13,1183.42
1210,443,2026-02-09,347.26
1211,194,2025-09-04,999.96
1212,493,2025-08-24,850.85
1213,212,2025-07-24,1667.12
1214,456,2025-03-07,1451.14
1215,318,2025-06-04,1004.72
1216,31,2025-03-22,1570.94
1217,389,2025-05-10,1499.1
1218,360,2025-06-13,1074.15
1219,376,2025-08-10,1829.33
1220,340,2025-10-29,1095.83
1221,400,2025-09-29,710.86
1222,418,2025-05-12,1439.8
1223,63,2026-01-11,481.6
1224,16,2025-03-23,780.86
1225,360,2025-07-07,799.0
1226,129,2025-06-26,657.17
1227,233,2026-02-06,162.02
1228,248,2025-04-29,468.59
1229,59,2026-01-19,1401.32
1230,12,2025-12-04,1473.9
1231,85,2025-04-14,1996.32
1232,120,2025-04-21,112.74
1233,172,2025-07-21,563.41
1234,330,2025-10-15,441.89
1235,70,2025-10-24,1408.81
1236,213,2025-05-15,593.21
1237,43,2025-09-09,348.43
1238,292,2025-09-21,1107.03
1239,324,2026-02-09,337.05
1240,171,2025-12-15,1475.58
1241,117,2025-06-04,1376.23
1242,36,2025-03-24,280.95
1243,327,2025-12-13,396.1
1244,57,2025-07-04,337.16
1245,470,2025-12-06,313.68
1246,363,2025-04-24,1139.87
1247,85,2025-05-20,1727.76
1248,493,2025-03-10,1045.26
1249,449,2025-08-02,1345.81
1250,360,2025-11-20,372.22
1251,299,2025-06-06,1980.05
1252,454,2026-01-06,1602.09
1253,402,2025-04-01,1114.88
1254,276,2025-10-05,1484.51
1255,179,2026-01-26,158.56
1256,473,2025-08-01,344.27
1257,165,2026-02-27,560.92
1258,398,2025-11-07,1066.17
1259,457,2025-12-25,332.7
1260,254,2025-09-13,689.13
1261,282,2025-12-21,1809.28
1262,337,2025-10-19,550.64
1263,448,2025-04-08,1787.91
1264,100,2025-08-22,1524.49
1265,382,2025-08-19,1844.72
1266,369,2025-06-27,667.13
1267,190,2025-07-24,540.55
1268,494,2025-07-28,1211.89
1269,430,2026-02-01,1770.23
1270,492,2025-08-20,681.64
1271,464,2025-05-25,1699.04
1272,66,2025-08-23,217.66
1273,465,2026-01-16,925.77
1274,290,2025-06-15,1066.24
1275,129,2025-09-23,1971.15
1276,143,2025-07-31,1526.41
1277,9,2025-08-23,1441.38
1278,239,2025-10-12,635.08
1279,328,2026-01-31,748.71
1280,149,2025-05-20,857.91
1281,384,2026-01-30,1402.31
1282,433,2025-04-21,922.29
1283,166,2025-08-31,1462.9
1284,163,2026-02-07,1154.09
1285,493,2025-10-12,331.49
1286,84,2025-12-05,339.61
1287,465,2025-04-28,743.95
1288,23,2025-10-10,413.21
1289,392,2025-06-22,1299.16
1290,264,2026-03-02,1954.43
1291,327,2025-08-10,1412.3
1292,220,2025-10-20,1438.25
1293,327,2025-07-20,1007.57
1294,37,2025-11-09,1974.93
1295,176,2025-05-26,1938.57
1296,413,2025-08-05,1716.31
1297,43,2025-03-30,746.24
1298,406,2025-12-10,1559.61
1299,252,2025-08-31,1307.85
1300,106,2025-04-23,414.28
1301,452,2025-03-28,914.81
1302,474,2025-03-09,555.34
1303,197,2026-02-13,142.96
1304,295,2026-01-25,1999.91
1305,170,2025-07-29,371.93
1306,304,2025-09-26,1037.36
1307,99,2025-03-22,475.74
1308,130,2025-11-29,1894.55
1309,189,2026-02-23,1585.61
1310,363,2025-07-29,1907.42
1311,484,2025-04-20,1773.22
1312,357,2025-12-16,1658.99
1313,290,2025-07-04,245.25
1314,406,2025-08-20,781.88
1315,486,2026-01-09,638.67
1316,269,2025-07-08,1325.61
1317,299,2025-07-26,1062.44
1318,340,2025-09-22,922.05
1319,452,2025-07-06,1249.63
1320,124,2025-08-27,584.65
1321,313,2025-03-13,464.92
1322,21,2025-12-18,639.72
1323,79,2025-03-05,686.54
1324,416,2025-07-07,635.23
1325,54,2026-02-04,502.26
1326,229,2025-09-01,703.14
1327,338,2025-09-01,1944.67
1328,160,2025-11-16,1839.95
1329,245,2025-04-15,824.36
1330,136,2025-04-19,1497.57
1331,54,2025-08-01,1052.36
1332,287,2026-01-30,1694.97
1333,62,2025-03-09,590.76
1334,496,2025-10-08,1095.68
1335,491,2025-12-14,1796.75
1336,220,2025-03-06,1998.71
1337,291,2025-07-22,1622.42
1338,431,2026-02-12,1061.2
1339,393,2025-08-13,315.61
1340,139,2025-12-13,1566.13
1341,101,2025-05-18,1899.73
1342,36,2025-09-07,185.94
1343,461,2026-02-21,1791.07
1344,469,2025-04-08,528.25
1345,268,2025-04-20,1871.44
1346,480,2025-05-31,1440.37
1347,435,2026-01-30,1656.53
1348,182,2025-07-27,438.47
1349,372,2025-04-01,702.77
1350,477,2025-07-13,164.3
1351,296,2025-12-16,1318.44
1352,112,2025-06-19,1938.39
1353,182,2025-08-30,568.48
1354,203,2025-05-23,1517.57
1355,160,2026-01-26,478.81
1356,481,2025-10-06,302.98
1357,92,2025-10-19,862.99
1358,455,2025-11-30,793.56
1359,11,2025-05-05,250.29
1360,366,2025-04-24,981.17
1361,105,2025-06-10,1799.43
1362,259,2026-01-24,790.58
1363,240,2026-01-20,1421.02
1364,163,2025-06-01,560.49
1365,50,2025-04-08,1343.55
1366,275,2026-02-19,601.58
1367,75,2025-11-08,985.14
1368,213,2025-05-11,1818.42
1369,182,2025-05-01,225.25
1370,250,2025-06-18,983.7
1371,242,2025-10-07,1760.02
1372,25,2025-12-04,705.34
1373,157,2025-06-07,876.72
1374,43,2025-08-04,133.36
1375,109,2025-10-02,1102.81
1376,225,2025-10-03,1785.23
1377,312,2025-03-23,1936.68
1378,70,2025-12-22,1409.91
1379,94,2025-07-06,603.97
1380,387,2026-01-01,1763.39
1381,412,2025-08-30,416.72
1382,77,2026-01-04,1984.16
1383,436,2026-01-28,683.73
1384,130,2025-10-29,1731.89
1385,277,2025-09-16,1980.36
1386,238,2025-10-08,1370.96
1387,100,2026-01-01,972.95
1388,14,2025-03-18,1110.64
1389,127,2025-11-24,1931.02
1390,396,2025-04-24,1516.28
1391,303,2026-02-11,315.3
1392,14,2025-05-13,730.7
1393,291,2026-01-19,678.71
1394,478,2025-07-14,1199.82
1395,480,2025-08-05,221.25
1396,188,2025-07-18,1803.92
1397,221,2025-09-16,1200.78
1398,113,2026-01-16,1606.24
1399,197,2025-09-15,1778.96
1400,485,2025-06-20,1630.29
1401,200,2025-06-23,1864.74
1402,238,2025-08-25,1022.61
1403,12,2025-09-22,921.17
1404,25,2025-05-27,903.51
1405,51,2025-11-01,1441.84
1406,443,2025-03-16,317.25
1407,173,2025-11-16,1593.39
1408,19,2026-01-28,851.04
1409,453,2026-01-17,183.64
1410,272,2025-05-08,708.21
1411,299,2025-06-18,1515.78
1412,103,2025-05-01,1507.32
1413,161,2025-03-20,301.25
1414,67,2025-04-01,854.79
1415,252,2025-08-22,872.7
1416,318,2025-04-18,145.97
1417,334,2025-05-31,1294.46
1418,319,2025-08-16,1057.94
1419,269,2025-05-03,136.94
1420,141,2025-12-17,1626.46
1421,50,2025-07-22,792.99
1422,24,2025-10-21,294.32
1423,492,2025-12-14,1725.68
1424,411,2025-11-14,561.93
1425,190,2025-11-06,1610.13
1426,227,2025-10-28,436.26
1427,487,2025-12-31,1304.5
1428,307,2026-01-04,347.1
1429,178,2025-08-18,1243.48
1430,142,2025-06-22,539.01
1431,277,2026-02-28,1685.05
1432,57,2025-05-29,797.26
1433,337,2025-06-29,809.74
1434,394,2025-03-27,1493.25
1435,268,2025-06-13,671.24
1436,125,2026-02-10,134.68
1437,255,2025-07-12,1480.27
1438,29,2025-12-07,399.78
1439,277,2025-07-05,521.93
1440,297,2025-04-09,155.84
1441,158,2025-12-15,1812.99
1442,492,2025-08-23,1790.58
1443,78,2025-10-05,611.47
1444,250,2025-05-17,553.94
1445,188,2026-01-26,729.39
1446,27,2025-11-23,179.43
1447,246,2025-10-10,1914.14
1448,273,2025-05-30,1345.23
1449,158,2025-11-25,1426.97
1450,292,2025-07-01,1150.24
1451,494,2025-04-02,518.75
1452,499,2025-10-31,502.88
1453,172,2025-09-07,596.64
1454,478,2026-01-15,395.51
1455,434,2026-01-01,1575.08
1456,210,2025-08-12,812.75
1457,186,2026-02-08,232.15
1458,32,2026-01-29,658.86
1459,397,2025-06-03,435.45
1460,345,2025-10-09,1800.38
1461,143,2025-05-12,907.82
1462,385,2026-01-06,1649.73
1463,469,2025-12-25,1829.13
1464,70,2025-07-21,218.83
1465,327,2025-06-17,1885.19
1466,156,2025-07-09,716.31
1467,122,2025-06-11,1936.86
1468,13,2025-07-25,1574.71
1469,148,2025-06-17,1635.51
1470,29,2026-02-17,854.97
1471,115,2025-12-01,382.29
1472,347,2025-06-15,1628.58
1473,1,2025-12-28,821.33
1474,176,2025-09-02,1822.09
1475,297,2025-04-21,757.88
1476,209,2025-05-31,488.81
1477,62,2025-10-24,391.71
1478,10,2026-01-07,513.0
1479,450,2025-12-25,1832.26
1480,286,2025-04-11,1031.35
1481,176,2026-03-03,253.19
1482,105,2025-04-03,1167.43
1483,311,2025-06-09,668.98
1484,341,2025-08-21,668.95
1485,134,2025-07-18,1799.69
1486,167,2025-07-16,164.73
1487,295,2025-07-30,547.54
1488,418,2026-03-05,712.2
1489,166,2025-05-23,822.47
1490,13,2025-06-14,869.41
1491,432,2025-06-06,840.03
1492,400,2025-10-13,1207.88
1493,401,2025-08-20,1272.53
1494,96,2025-08-01,1045.16
1495,405,2025-05-18,1599.09
1496,201,2025-06-08,763.82
1497,28,2025-04-27,344.44
1498,74,2025-06-14,1667.47
1499,40,2025-04-20,136.0
1500,284,2025-07-28,1310.99
1501,134,2025-06-10,1438.79
1502,454,2025-12-06,1535.3
1503,32,2025-07-17,1994.02
1504,62,2026-01-07,1889.36
1505,329,2025-05-26,259.51
1506,256,2025-06-19,684.98
1507,127,2025-09-16,1819.11
1508,434,2025-08-23,761.41
1509,210,2026-01-15,940.84
1510,174,2025-07-23,1966.52
1511,29,2025-03-27,738.34
1512,234,2025-12-02,1904.38
1513,276,2025-11-21,221.28
1514,21,2025-11-21,1179.37
1515,179,2026-01-08,152.97
1516,456,2026-02-18,1964.64
1517,31,2025-08-27,345.66
1518,193,2025-03-11,1625.04
1519,63,2025-12-13,439.33
1520,383,2025-06-30,1600.62
1521,117,2025-10-20,334.02
1522,472,2026-02-21,1335.89
1523,446,2026-01-29,1104.8
1524,456,2025-07-13,997.55
1525,436,2026-01-27,1118.03
1526,102,2025-09-25,1609.85
1527,210,2025-05-05,591.63
1528,177,2025-07-12,1522.08
1529,300,2025-08-12,1891.0
1530,463,2025-10-29,188.12
1531,358,2025-07-30,1281.85
1532,18,2025-07-01,1834.99
1533,428,2025-09-04,778.45
1534,238,2025-06-04,536.52
1535,197,2026-01-29,643.59
1536,257,2025-09-30,1905.73
1537,109,2025-09-29,700.81
1538,456,2026-01-01,1000.85
1539,306,2025-07-20,722.3
1540,498,2025-05-16,1551.35
1541,50,2025-04-01,1946.11
1542,222,2025-08-11,316.66
1543,142,2025-07-12,1179.37
1544,167,2025-10-08,1662.65
1545,229,2025-11-19,1989.22
1546,135,2025-09-24,1943.0
1547,394,2025-04-21,1154.36
1548,338,2025-10-22,366.97
1549,109,2025-10-24,1052.71
1550,357,2025-11-02,1792.11
1551,173,2025-04-11,1681.77
1552,130,2025-04-17,1996.99
1553,180,2025-09-19,784.69
1554,169,2025-03-21,648.72
1555,494,2025-05-16,1735.35
1556,38,2025-04-21,1386.2
1557,16,2025-03-28,1694.76
1558,96,2025-11-28,877.22
1559,85,2025-03-25,597.35
1560,456,2025-05-22,1222.77
1561,17,2025-04-12,978.23
1562,133,2025-06-24,227.22
1563,206,2025-10-07,1949.79
1564,183,2025-05-05,936.78
1565,220,2025-04-10,1061.46
1566,64,2025-07-20,1807.38
1567,328,2025-06-21,451.84
1568,36,2025-07-20,633.2
1569,102,2025-03-07,591.5
1570,374,2025-12-22,356.3
1571,253,2025-12-14,1673.98
1572,36,2026-01-02,417.28
1573,151,2025-07-19,1205.8
1574,354,2025-05-31,1992.91
1575,376,2026-01-24,1566.94
1576,420,2025-11-29,1485.16
1577,453,2025-12-03,1457.3
1578,288,2026-01-03,205.26
1579,162,2026-03-02,1605.39
1580,410,2025-04-13,1771.54
1581,461,2025-12-08,1612.51
1582,440,2025-06-26,1636.6
1583,37,2025-06-29,676.89
1584,256,2025-08-11,1739.49
1585,427,2025-04-23,1721.22
1586,316,2026-01-25,1551.32
1587,274,2025-07-28,278.62
1588,281,2026-01-23,1112.2
1589,256,2026-01-03,1156.07
1590,200,2025-09-20,307.88
1591,122,2025-09-06,1434.33
1592,10,2025-12-28,556.51
1593,110,2025-08-15,1284.01
1594,215,2025-03-12,463.51
1595,464,2025-12-17,992.1
1596,73,2026-01-24,753.56
1597,489,2025-04-22,589.61
1598,98,2025-05-15,1999.01
1599,271,2025-11-17,1294.45
1600,300,2025-06-10,751.54
1601,51,2025-08-10,499.01
1602,326,2025-10-10,1516.67
1603,147,2025-06-16,1044.88
1604,401,2025-09-30,1083.33
1605,438,2026-02-03,1251.34
1606,292,2025-08-02,1798.09
1607,80,2025-05-11,1169.48
1608,220,2025-09-24,1029.51
1609,400,2025-11-13,1802.45
1610,461,2025-11-13,1381.86
1611,244,2025-09-06,1834.18
1612,199,2025-08-03,1870.08
1613,336,2026-03-05,630.93
1614,70,2025-05-02,372.35
1615,460,2025-11-22,132.97
1616,154,2025-08-24,771.65
1617,147,2025-09-11,1187.12
1618,208,2025-04-09,722.16
1619,333,2025-07-07,1660.28
1620,466,2025-12-31,536.19
1621,283,2025-12-24,1022.76
1622,277,2026-02-21,1744.24
1623,37,2025-06-08,860.67
1624,372,2025-04-20,1379.79
1625,441,2026-01-27,1592.5
1626,100,2025-10-26,1450.84
1627,205,2025-04-08,1632.73
1628,251,2025-11-12,1799.72
1629,377,2025-06-18,303.47
1630,480,2025-05-09,1757.56
1631,44,2025-03-23,339.81
1632,281,2025-10-26,1074.72
1633,243,2025-08-15,415.92
1634,494,2025-08-07,1835.17
1635,290,2025-12-10,575.39
1636,490,2025-06-13,1019.43
1637,263,2025-04-13,949.96
1638,76,2026-01-16,1172.22
1639,255,2026-01-14,1185.09
1640,488,2026-02-08,1748.96
1641,193,2025-09-30,191.68
1642,23,2025-10-12,979.71
1643,10,2026-02-13,888.02
1644,177,2025-10-11,1829.43
1645,433,2025-09-11,652.61
1646,270,2025-07-13,1119.17
1647,246,2026-01-22,1880.93
1648,267,2025-12-29,197.38
1649,194,2025-07-18,740.16
1650,367,2025-05-10,977.9
1651,447,2025-05-30,308.91
1652,336,2025-03-17,602.63
1653,32,2025-11-26,497.93
1654,7,2025-05-27,251.37
1655,102,2025-11-15,635.57
1656,63,2025-04-14,1169.09
1657,256,2025-05-06,1203.64
1658,5,2025-06-05,1791.5
1659,360,2025-10-21,1059.63
1660,182,2025-08-23,917.67
1661,472,2025-05-26,296.14
1662,480,2025-03-21,452.75
1663,77,2026-01-30,1753.55
1664,451,2025-12-24,250.95
1665,173,2025-10-02,1955.09
1666,421,2025-04-16,850.87
1667,479,2025-09-02,454.75
1668,436,2025-04-24,850.19
1669,451,2025-08-03,392.46
1670,353,2025-05-15,1121.93
1671,109,2025-09-25,1831.67
1672,2,2026-02-17,1427.36
1673,499,2026-01-22,471.77
1674,188,2025-06-16,659.12
1675,391,2025-08-16,788.58
1676,344,2025-07-17,778.65
1677,16,2025-03-29,354.6
1678,315,2026-01-11,887.04
1679,295,2025-08-24,1602.67
1680,156,2025-10-30,1418.68
1681,318,2026-01-26,1298.28
1682,197,2025-12-14,1098.94
1683,55,2025-08-13,1507.72
1684,117,2026-02-13,1101.3
1685,131,2025-09-14,691.0
1686,288,2025-07-22,793.52
1687,93,2025-08-31,1518.4
1688,68,2026-01-18,1619.09
1689,457,2026-02-12,1405.8
1690,475,2025-12-30,693.51
1691,2,2025-12-30,334.67
1692,421,2026-02-22,1968.62
1693,266,2025-08-06,1934.67
1694,284,2026-01-28,1329.79
1695,494,2025-12-01,224.54
1696,382,2025-06-15,1806.39
1697,65,2026-02-09,1689.8
1698,318,2026-02-21,376.53
1699,179,2025-04-12,634.31
1700,99,2026-03-03,515.05
1701,409,2025-12-03,582.99
1702,159,2025-06-14,1603.16
1703,257,2025-05-22,1176.38
1704,133,2025-03-31,745.41
1705,48,2026-03-05,1009.94
1706,386,2025-07-31,652.91
1707,313,2025-09-02,1526.31
1708,462,2025-04-22,639.78
1709,436,2026-03-01,197.11
1710,417,2025-12-09,528.17
1711,143,2026-01-07,460.45
1712,420,2025-12-01,1534.86
1713,372,2025-04-26,1547.28
1714,167,2025-12-12,733.42
1715,201,2025-06-16,1028.83
1716,490,2025-07-26,1098.9
1717,487,2025-06-29,610.24
1718,330,2025-05-03,1547.2
1719,42,2025-05-11,695.27
1720,331,2026-02-18,1471.58
1721,480,2026-01-09,907.18
1722,227,2026-01-15,839.11
1723,457,2025-08-07,1484.44
1724,111,2026-01-10,796.16
1725,65,2025-05-10,1409.18
1726,366,2025-12-26,267.63
1727,436,2025-08-27,1239.64
1728,96,2025-09-27,1817.59
1729,488,2026-03-02,455.39
1730,425,2025-03-19,904.86
1731,469,2025-10-09,381.31
1732,330,2026-02-17,667.94
1733,178,2025-10-28,835.74
1734,475,2025-10-12,665.72
1735,303,2025-04-19,591.98
1736,397,2025-08-16,538.58
1737,396,2026-01-15,1802.05
1738,208,2025-03-08,786.95
1739,383,2025-03-30,1333.52
1740,79,2025-03-27,672.75
1741,140,2026-02-28,1341.6
1742,265,2025-03-23,222.11
1743,236,2025-06-09,400.91
1744,346,2025-11-21,1170.39
1745,406,2025-09-18,204.33
1746,344,2025-05-07,142.64
1747,408,2025-08-27,1435.53
1748,30,2025-12-12,751.21
1749,380,2025-11-06,1634.18
1750,420,2025-10-25,665.63
1751,400,2025-08-09,1394.55
1752,177,2025-10-28,1917.84
1753,415,2025-09-18,320.96
1754,349,2025-04-24,1914.23
1755,344,2025-07-21,1332.76
1756,375,2026-02-10,1026.0
1757,194,2026-01-25,1913.94
1758,23,2025-03-31,499.34
1759,67,2025-06-18,1202.68
1760,306,2025-10-02,1943.93
1761,364,2026-01-29,916.2
1762,462,2025-11-03,391.8
1763,307,2025-07-09,597.97
1764,476,2025-06-11,1852.68
1765,15,2025-08-26,416.7
1766,473,2026-01-17,1959.55
1767,288,2025-08-04,106.93
1768,66,2025-07-30,395.79
1769,33,2025-10-04,1953.33
1770,54,2025-11-24,1834.4
1771,25,2026-02-04,1601.06
1772,133,2025-09-21,362.7
1773,293,2025-06-26,341.78
1774,48,2025-08-24,1429.23
1775,265,2025-11-18,1373.6
1776,241,2025-05-22,1456.12
1777,110,2026-01-12,566.41
1778,380,2026-02-03,469.96
1779,367,2025-06-27,1918.79
1780,119,2025-06-07,1719.45
1781,421,2025-05-14,380.34
1782,44,2025-09-05,690.91
1783,18,2025-11-22,1599.43
1784,277,2025-10-07,703.51
1785,314,2025-06-06,320.08
1786,61,2025-09-22,914.55
1787,129,2025-12-14,432.4
1788,468,2025-06-22,1722.83
1789,267,2025-04-11,1680.01
1790,288,2025-09-19,413.37
1791,392,2025-11-13,1460.77
1792,469,2026-02-26,958.56
1793,428,2025-06-04,438.93
1794,295,2025-11-20,250.85
1795,9,2025-05-21,1697.93
1796,197,2025-06-23,1511.44
1797,75,2025-06-05,1118.69
1798,463,2025-10-13,849.55
1799,98,2025-10-06,1023.92
1800,65,2026-02-17,1265.29
1801,182,2025-06-19,1721.65
1802,319,2025-09-06,899.9
1803,382,2025-06-09,1046.57
1804,474,2025-05-25,943.37
1805,90,2025-10-30,1909.07
1806,343,2026-01-14,562.69
1807,220,2025-07-30,624.23
1808,38,2025-12-14,1603.75
1809,58,2025-11-23,578.23
1810,201,2026-02-25,1638.7
1811,208,2025-09-04,1212.88
1812,464,2025-03-21,272.95
1813,252,2025-06-10,405.19
1814,224,2025-09-05,1654.34
1815,84,2025-11-02,1385.92
1816,252,2026-01-19,1879.76
1817,139,2026-02-06,1053.39
1818,185,2025-09-14,567.07
1819,413,2025-11-17,1468.09
1820,396,2026-01-22,1852.55
1821,82,2025-03-08,1090.26
1822,176,2026-02-04,594.48
1823,123,2025-11-08,940.84
1824,489,2025-09-23,1229.6
1825,243,2025-03-18,816.84
1826,446,2025-10-28,829.72
1827,167,2025-04-02,1765.52
1828,64,2025-05-30,197.78
1829,465,2025-08-07,1041.21
1830,44,2026-01-16,568.24
1831,480,2025-08-11,1365.15
1832,173,2025-05-21,396.9
1833,286,2025-07-11,300.09
1834,307,2025-11-01,412.33
1835,28,2025-06-25,1748.69
1836,379,2026-01-12,1383.28
1837,125,2025-04-11,1208.87
1838,71,2025-08-30,962.12
1839,246,2026-01-25,1231.31
1840,321,2025-04-18,1229.26
1841,34,2025-10-22,1047.68
1842,272,2025-05-16,655.71
1843,53,2026-01-21,1767.0
1844,8,2025-03-09,573.21
1845,121,2025-09-08,459.44
1846,204,2025-10-23,1150.66
1847,27,2025-06-18,1960.5
1848,16,2026-02-16,1836.38
1849,224,2025-09-16,1783.27
1850,473,2025-04-20,1276.37
1851,485,2025-12-22,625.82
1852,436,2025-04-02,738.28
1853,49,2025-11-23,1812.01
1854,326,2025-10-13,450.35
1855,16,2025-08-16,1374.74
1856,31,2025-08-03,1444.43
1857,225,2025-10-06,721.41
1858,266,2025-08-11,1125.81
1859,455,2025-04-08,202.35
1860,122,2026-01-05,939.07
1861,267,2026-02-01,1443.33
1862,422,2025-11-18,1700.93
1863,341,2025-07-23,667.53
1864,161,2026-01-19,864.14
1865,402,2026-01-30,279.93
1866,137,2025-11-06,1304.54
1867,222,2025-03-08,1384.18
1868,488,2025-10-10,804.39
1869,398,2025-07-02,409.74
1870,166,2025-07-16,1546.67
1871,426,2025-11-10,628.44
1872,407,2025-08-01,954.73
1873,364,2025-10-23,1771.63
1874,325,2025-10-07,661.12
1875,49,2025-04-09,223.82
1876,47,2025-03-18,1313.62
1877,186,2025-07-05,599.22
1878,329,2025-06-07,1830.16
1879,99,2025-06-04,1729.45
1880,135,2025-08-18,1677.64
1881,37,2025-12-02,1087.42
1882,496,2025-08-14,1124.94
1883,349,2025-05-20,1342.86
1884,388,2025-04-22,581.29
1885,238,2025-12-13,1149.49
1886,432,2025-10-02,827.61
1887,417,2025-04-27,184.12
1888,82,2025-05-17,1222.2
1889,326,2025-07-24,1190.91
1890,66,2025-08-11,1360.73
1891,435,2025-09-06,771.72
1892,329,2025-09-04,474.99
1893,336,2025-12-14,1731.87
1894,121,2025-05-12,1871.05
1895,323,2025-10-29,1782.08
1896,1,2025-04-24,1742.63
1897,304,2025-07-06,329.24
1898,490,2025-05-14,717.17
1899,406,2025-09-27,820.12
1900,466,2026-03-02,909.58
1901,484,2026-02-05,1293.12
1902,437,2025-12-20,1104.47
1903,207,2025-04-08,1115.33
1904,43,2025-04-30,115.53
1905,264,2025-03-17,572.2
1906,499,2025-07-17,1417.19
1907,26,2025-08-07,1803.89
1908,22,2025-11-10,1447.45
1909,323,2025-05-21,406.59
1910,41,2026-01-26,1053.87
1911,224,2026-02-15,1163.12
1912,138,2025-06-23,509.57
1913,195,2025-03-11,773.86
1914,323,2025-08-23,1670.43
1915,229,2025-05-19,1655.69
1916,404,2025-10-27,1538.48
1917,175,2025-03-10,894.27
1918,153,2026-01-07,145.05
1919,486,2026-03-03,339.06
1920,481,2025-04-11,321.31
1921,12,2026-02-24,1894.33
1922,409,2025-05-10,1052.3
1923,412,2025-04-22,661.77
1924,387,2026-01-14,199.11
1925,38,2025-11-04,142.65
1926,289,2025-05-12,462.61
1927,355,2025-04-30,1983.11
1928,366,2026-02-22,650.77
1929,259,2025-06-15,847.15
1930,333,2025-09-21,1143.47
1931,261,2026-01-18,743.38
1932,286,2025-12-15,590.8
1933,31,2026-01-14,1075.94
1934,174,2026-01-15,1678.42
1935,444,2025-12-24,240.92
1936,489,2025-10-01,1041.21
1937,66,2025-07-20,1655.67
1938,351,2026-02-18,136.99
1939,183,2025-10-04,927.77
1940,298,2025-12-21,1712.0
1941,144,2026-01-17,446.91
1942,256,2025-11-13,1854.62
1943,267,2025-09-24,201.55
1944,19,2025-03-06,950.45
1945,439,2025-04-06,1452.92
1946,323,2025-03-29,989.01
1947,217,2025-07-08,838.04
1948,67,2026-01-31,258.46
1949,78,2025-10-04,1046.22
1950,111,2025-06-30,1295.85
1951,485,2025-12-13,246.05
1952,171,2025-07-04,532.66
1953,27,2025-06-04,621.29
1954,42,2025-03-24,1185.49
1955,230,2025-09-21,811.0
1956,393,2025-08-25,806.01
1957,159,2025-09-07,448.83
1958,217,2025-10-01,334.14
1959,80,2025-06-13,576.32
1960,58,2025-04-06,1429.22
1961,326,2025-04-01,985.77
1962,434,2026-02-01,140.62
1963,458,2025-08-05,1515.35
1964,364,2025-07-18,726.91
1965,301,2025-03-19,1722.79
1966,88,2025-10-26,1081.5
1967,445,2025-09-07,1670.58
1968,211,2025-07-24,301.98
1969,385,2025-06-03,1789.46
1970,440,2025-06-27,201.11
1971,48,2025-10-08,1771.16
1972,452,2025-09-24,386.1
1973,143,2025-05-16,1839.85
1974,341,2025-09-11,1545.06
1975,463,2025-10-09,910.34
1976,173,2025-04-11,225.92
1977,307,2025-05-05,1787.36
1978,224,2025-08-03,151.99
1979,63,2026-01-12,216.92
1980,260,2026-02-02,494.21
1981,25,2025-03-09,1520.93
1982,265,2025-09-14,1454.52
1983,56,2025-03-16,820.98
1984,186,2025-07-02,427.21
1985,310,2025-06-14,535.61
1986,285,2025-07-19,187.79
1987,6,2025-06-26,1132.16
1988,59,2025-04-15,551.35
1989,50,2025-04-10,1760.16
1990,67,2026-02-03,1725.31
1991,171,2026-01-18,134.19
1992,85,2025-11-22,1790.02
1993,425,2025-12-30,401.24
1994,314,2025-12-03,216.42
1995,397,2025-11-02,715.46
1996,59,2025-07-11,796.08
1997,347,2025-09-05,1855.55
1998,270,2025-09-07,1262.25
1999,156,2025-03-30,1709.34
2000,331,2025-11-18,1004.54
