policy_holder_id,name,email,city
1,Melissa White,elizabethrosario@example.org,North Christopherland
2,Shawn Kramer,joy05@example.org,Pottston
3,Steven Martinez MD,john06@example.com,Kellyside
4,Lauren Brown,fwong@example.org,North Larry
5,Carlos Cabrera DDS,omason@example.com,East Jordan
6,Tiffany Bray,berrytonya@example.org,Chungview
7,Kara Moore,brownelizabeth@example.org,East Lawrence
8,Katrina Nelson,poncethomas@example.com,Charlesfurt
9,Deborah Hodge,grantlindsey@example.com,Morganfurt
10,Heather Braun,schmittjulie@example.org,Lake Stephaniestad
11,Patrick Klein,guerrarenee@example.net,East Cheyennestad
12,Ricky Miller,robert03@example.net,South Kara
13,Gregory Reese,feliciaclarke@example.net,Bradstad
14,Jessica Sanchez,christophergray@example.com,Port Wesleyfort
15,Sharon Lopez,johnsonmindy@example.net,East Christinaberg
16,Denise Wong,nicole03@example.net,Lake Stephen
17,Joshua Taylor,williamsmichael@example.com,Savannahfort
18,Allison Brown,stevenjohnson@example.org,Jessicaside
19,Mary Diaz,escobarsara@example.net,Derrickside
20,Charles Vance,christopherbrown@example.com,North Christian
21,Heather Patel,jacobwebb@example.net,Delgadoborough
22,Jason Pham,yodersuzanne@example.net,Robinbury
23,Vickie Merritt,christopher55@example.net,Simsshire
24,Michael Warren,travis07@example.com,Rasmussenbury
25,Megan Gonzalez,johnsonjeremy@example.org,Shafferland
26,Brenda Wright,phillipsgloria@example.net,Taylorton
27,Renee Clay,diazmonica@example.net,Richardborough
28,Paul Willis,robertseric@example.com,South Richardhaven
29,Linda Torres,jenkinsjoshua@example.net,Nelsonhaven
30,Jennifer Miller,margaret83@example.net,North Ashleyburgh
31,Kelly Vazquez,kerrybradshaw@example.org,New Henryborough
32,Jennifer Gross,jeffrey35@example.org,Port Melissaburgh
33,Ashley Hart,vramirez@example.org,Luismouth
34,Rebecca Miranda,william08@example.net,Rebeccaborough
35,Sarah Wolfe,sara93@example.net,Michaelchester
36,Joan Brooks,david58@example.net,Lake Deniseshire
37,Jeffrey Tran,sweeneysheila@example.org,New Richardview
38,Michael Freeman,sandrajohnson@example.net,Bradleyfurt
39,Sarah Mitchell,kevinrodriguez@example.net,East Elizabethhaven
40,Margaret Rodriguez,tarnold@example.com,West Robinton
41,Jenny Skinner,whitney99@example.com,East Justin
42,Carol Young,hillstephanie@example.com,Hoffmanstad
43,Rebecca Hamilton,brittney35@example.org,Davidside
44,Virginia Hoover,gordonnicholas@example.org,Michellestad
45,Yesenia Walsh,denise20@example.com,West Thomas
46,Kelly Todd,stanleywilliam@example.com,Port Peterhaven
47,Joanna Dixon,lisaberry@example.net,Richardfurt
48,Mark Carter,patrickdavis@example.org,North Lancemouth
49,Susan Blevins,sherrylopez@example.com,East Michelleland
50,Cindy Becker,jdavila@example.com,East Christopher
51,Dorothy Jennings,linkeith@example.com,Lake Peter
52,James Garcia,yangjeffrey@example.com,Lake Shelley
53,Brian Williams,deniseholder@example.org,New Mark
54,Christopher Wright,brianmcgee@example.com,Christophermouth
55,Mr. Jeffrey Howard DDS,johnathanwalton@example.com,South Seanbury
56,Vernon Graham,twatkins@example.net,Curtishaven
57,Yvette Roberts,zwalker@example.org,New Kathleenfurt
58,Chris Jones,sarah26@example.net,Jeremyshire
59,Kevin Kelly,jaredpennington@example.com,Michellehaven
60,Michelle Bailey,greensteven@example.com,South Dawn
61,Kristy Holmes,jacqueline63@example.net,Adamsmouth
62,Ricardo Duncan,lisakelly@example.com,New Audreyport
63,Jenna Frazier,brandon42@example.org,Richardtown
64,Jerry Maynard,gmiller@example.net,Smithmouth
65,John Young,petersenryan@example.net,New Dustin
66,James Lewis,lpeterson@example.net,Olsonport
67,Melissa Johnson,nking@example.com,Jessicaside
68,Deborah Vazquez,washingtonrobert@example.net,Paulberg
69,Valerie Wilson,jordananthony@example.net,Davidmouth
70,Richard Brown,lisa85@example.com,Johnsonshire
71,Renee Blake,thomasjackson@example.net,Lindseymouth
72,Jacqueline Johnson,tonya69@example.com,Nataliebury
73,Julia Scott,mccoyashley@example.org,East Omarland
74,Katherine Gray,teresacampbell@example.net,East Alan
75,Raymond Berger,tonya10@example.com,Hatfieldside
76,John Hendrix,valerie47@example.net,North Robert
77,Eric Collins,vward@example.com,Reedhaven
78,Christopher Smith,jperez@example.org,Andrewton
79,Richard Hernandez,kimberlysimmons@example.net,Port Nicole
80,Cynthia Stanley,norriskevin@example.net,New Miguelmouth
81,Gina Davenport,anthony47@example.net,East Russell
82,Sara Neal,shortwilliam@example.org,South Marieview
83,Paul Waters,william70@example.org,New Alicia
84,Mr. Scott Hart II,nfranklin@example.com,Josephfurt
85,Benjamin Davis,waltonantonio@example.net,South Jimmouth
86,David Jackson,wramos@example.com,Alexandraview
87,Deborah Watkins,ellissusan@example.net,North Charlesmouth
88,Jamie Taylor,rodriguezmark@example.com,Port Tony
89,Tyler White,kvaughn@example.com,Smithbury
90,Peter Johnston,vaughncynthia@example.org,Kennethport
91,Ricardo Knapp,reynoldsjessica@example.org,Connorfurt
92,Joshua Baxter,shortthomas@example.net,Gonzalezside
93,Jacob Moore,smithronald@example.com,Port Lorrainechester
94,Kyle Anderson,shellyfleming@example.com,North John
95,Stephen Rodriguez,iray@example.com,Port Andrewburgh
96,Elizabeth Miller,sbarnes@example.org,Brianberg
97,Jesse Huber,thompsondaniel@example.net,West Sethville
98,Nicholas Turner,cheryl32@example.com,Duncanland
99,Jacqueline Cole,lynnhines@example.net,East Larryland
100,Jenna Edwards,fbautista@example.com,Port Shawnville
101,Taylor Reeves,chelsea80@example.net,South Tracey
102,Heather Adams,fluna@example.net,Jamesfort
103,Charlotte Bennett,pwilkerson@example.com,New Andrewstad
104,Blake Weaver,haley27@example.org,Robertsstad
105,Ashley Townsend,clarkdevin@example.com,Rivasland
106,Michelle Weaver,mbrown@example.org,Jameston
107,Diana Wilson,vickibarber@example.org,Kylemouth
108,Marie Johnson,james33@example.net,Elizabethbury
109,Nicholas Gomez,rebecca10@example.com,Davilaton
110,Eric Warner,fgraham@example.com,West Shawnfurt
111,Jacqueline Edwards,williammoon@example.org,Melissaberg
112,Timothy Fleming,thomas48@example.org,Port Stephanie
113,Sandra Smith,patricia39@example.com,West Karen
114,Kimberly Wang,eperry@example.com,Macdonaldburgh
115,Lisa Smith,danielle35@example.net,Harrisport
116,Nicole Smith,mwhitehead@example.com,West Christopher
117,Adam Sanchez,alexandrashepherd@example.net,East Beth
118,Marc Bryant,bensontyler@example.com,North Johnmouth
119,Joshua Lucas,morantimothy@example.com,Bradfordborough
120,William Morris,lauracampbell@example.org,Lake Brittany
121,Jessica Grant,reyesdanielle@example.org,Loganview
122,Alex Arnold,bonnie34@example.org,Jameschester
123,Christopher Barnes,xwalker@example.net,New David
124,Latoya Morgan,mark00@example.net,Port Karen
125,Mark Morgan,sandovalfrank@example.net,Nunezshire
126,Mr. Patrick Sims Jr.,courtney39@example.net,Hinesport
127,Jessica Smith,norrisalyssa@example.net,West Michael
128,Nicholas Wheeler,coreylewis@example.net,Lake Jennifer
129,Christine Gates,melissawright@example.org,Ericksonchester
130,Gerald Wood,markwright@example.com,North Anthony
131,Jeremy Benton,donnalewis@example.com,Hernandezville
132,Jessica Miller,kelleyluis@example.org,Ramosland
133,Nicholas Williams,josemoreno@example.net,Port Monicaview
134,Melissa Ward,ryanortiz@example.com,Lake Justinton
135,Matthew Harrell,conniehenderson@example.org,North Nathan
136,Theresa Miller,dianahorton@example.org,South Donnatown
137,Troy Mcdonald,cranechristopher@example.com,New Victoria
138,Michael Lara,nicole61@example.net,Waltersborough
139,Tammy Gonzales,lisamartin@example.org,Garciaborough
140,Steven Wilson,jenniferjones@example.org,New Sierrachester
141,Elizabeth Thomas,thompsonbrittany@example.com,New Catherineberg
142,James Carrillo,kayladean@example.com,East Tamara
143,Anna Lawson,julie52@example.com,West Aaron
144,Krista Navarro,ricardojoseph@example.net,Francochester
145,Dr. Leslie Torres DDS,michaelwade@example.org,Robinton
146,Christopher Fernandez,mosleyrichard@example.org,Shannonmouth
147,Jeanette Miller,kevinphillips@example.net,Padillastad
148,Crystal Dickson,mcarter@example.com,South Jacobshire
149,Geoffrey Parker,patriciaoneill@example.com,Wesleyside
150,Michelle Morris,sgreen@example.com,Alanmouth
151,James Banks,qgarcia@example.com,Acostaside
152,Phillip Villanueva,harrisarthur@example.net,Cherylside
153,James Moore,mgallagher@example.net,Butlerborough
154,Adam Oconnor,nataliemacias@example.com,East Crystal
155,Gerald Whitney,jennifer01@example.org,Ryanhaven
156,Mary Ware,annacarpenter@example.org,Lake Olivia
157,Christine Allen,amy26@example.org,Staceyborough
158,Colleen Ingram,shernandez@example.org,Barnesview
159,Gregory Avila,williamsjames@example.org,Christophermouth
160,Kelsey Jackson,pittsscott@example.net,Carrmouth
161,Rhonda Greene,paulcrawford@example.org,Russellstad
162,Lauren Medina DDS,davidpratt@example.com,Port Hannah
163,Heather Cortez,michael35@example.com,New Karenburgh
164,Michael Robinson,diamondvillegas@example.com,Davisshire
165,Lori Brooks,moorerussell@example.net,Port Catherine
166,Kristina Marsh,david69@example.com,East Anthony
167,Karen Dyer,amanda64@example.net,Cynthiastad
168,Cheryl Tucker,jrichards@example.net,New Kristen
169,Debra Kirk,jesse80@example.net,East Elizabethburgh
170,Victor Underwood,brownpatricia@example.com,Rodriguezmouth
171,Stephanie Miller,alexandermorales@example.org,South Jerrymouth
172,Kenneth Miller,boyerrichard@example.org,West Jacquelineshire
173,Michele Hall,phillipsamy@example.com,East Davidburgh
174,Angel Spencer,anne92@example.org,South Christopher
175,Sarah Lynn,charlesmcknight@example.net,Davidhaven
176,Heather Andersen,calhounkatherine@example.net,Greenton
177,Sherry White,zford@example.net,Roberthaven
178,Linda Romero,crawforddestiny@example.com,North Craig
179,Alan Lambert,ariel58@example.com,East Colleenborough
180,Miss Christine Martin,pattersonsamantha@example.com,Lake Erikview
181,Michael Ferguson,april79@example.org,North Cheryl
182,Kelsey Young,harriscrystal@example.com,Sarahland
183,Andrew Lee,reidangela@example.net,Terryfurt
184,Traci Potter,sonyaanderson@example.com,Davisside
185,Daniel Prince,ulee@example.com,Padillashire
186,Stephen Christian,cody94@example.net,Lake Donaldton
187,Michael Collins,robert32@example.net,Christopherville
188,Jonathan Bryan,rogermann@example.org,Ericchester
189,William Collins,kellyjoshua@example.net,Amberborough
190,Marissa Walker,moorematthew@example.com,Ginahaven
191,Eileen Murphy,davidjordan@example.com,Brettmouth
192,Brian Boyd DVM,ikeith@example.net,Stewartfort
193,Julie Anthony,robbinsgeorge@example.net,East Ashleyland
194,Andrew Flores,bmorris@example.com,South Teresamouth
195,Jacqueline Nunez,scott03@example.org,Port Brandi
196,Veronica Cox,rperkins@example.com,Delgadohaven
197,Timothy Patterson,david71@example.net,Ingramview
198,Richard Ryan,john73@example.org,Dominguezberg
199,Debbie Chambers,audreyrobinson@example.com,Lake Ashleyland
200,Melissa Waters,martinlindsey@example.net,West Dawn
201,Hailey Marshall,wolfetimothy@example.org,Port Elaineshire
202,Kevin Fleming,zmalone@example.com,Port Robertton
203,Joshua Smith,charleswilliam@example.com,Thomaston
204,Linda Tran,barkerjesse@example.net,Garyberg
205,Jason David MD,roberthunt@example.net,East Brenthaven
206,Donna Trevino,markrobinson@example.org,South Joan
207,Timothy Glass,richardsoncraig@example.org,Warnerland
208,Lisa Gamble,hlewis@example.org,Dawnland
209,Rebecca Nelson,wshaffer@example.org,Bergton
210,Lisa King,gonzalezmark@example.net,Lake William
211,Michael Anderson,adammeyer@example.org,Davismouth
212,April Smith,mathewsthomas@example.org,North Darlenestad
213,Diane Dorsey,drusso@example.org,East Alec
214,Olivia White,williamsmichael@example.com,New Natalieville
215,Kerri White,johnramirez@example.com,Brittanyhaven
216,Rebecca Wallace,wongtiffany@example.org,West Kathleenmouth
217,Courtney Sweeney,rhondaduffy@example.net,Josephton
218,Brittany Clarke,matthewtorres@example.net,South Jessica
219,Donald Weber,christy90@example.com,Darylburgh
220,James Rodriguez,bellnicole@example.net,East James
221,Michael Arnold,robert47@example.net,Jamesmouth
222,Terri Larsen,russell09@example.net,West Sharon
223,Angela Kramer,boydjennifer@example.com,South Todd
224,Dale Blanchard,laurarogers@example.com,Michaelchester
225,Ann Bridges,jennifervargas@example.com,New Lance
226,Ronald Harmon,knewman@example.com,Fullerville
227,Bonnie Simpson,floresdaniel@example.com,West Kennethside
228,Matthew Grant,yriggs@example.com,Ortizchester
229,Paula Sullivan,bperry@example.net,North Jennifer
230,Michelle Vang,amandaperry@example.org,West Taylor
231,Mary French,kimberly17@example.org,Castillofort
232,Michael Reynolds,nathaniel17@example.com,Cantrellton
233,Anna Mays,deanna49@example.net,Gregorymouth
234,Susan Krueger,ibrown@example.com,South Paul
235,Mary Hatfield,benjaminrodriguez@example.org,Thompsontown
236,Lisa Humphrey,fwalker@example.net,South Crystalville
237,Larry Huerta,helenwalker@example.net,Port Dannybury
238,Bradley Wiggins,angelaarroyo@example.net,Rosetown
239,David Larsen,hernandezheidi@example.com,East Nicholas
240,Elaine Wright,bernardmanning@example.com,New Richard
241,Bernard Harvey,virginia90@example.com,Josephland
242,Alexander Richardson,perezbrittany@example.org,Pamelaburgh
243,Brittney Ellis,mike65@example.net,Hollyville
244,Evelyn Petersen PhD,michael69@example.com,Jamestown
245,Latoya Allen,carolyn50@example.org,New Maria
246,Alexander Stark,karenhernandez@example.org,Austinport
247,Daniel Gordon,bblackburn@example.org,Amyton
248,Steven Gilbert,lindsay73@example.net,Jamesfurt
249,Eric Blanchard,lmatthews@example.net,South Rachel
250,Miss Anna Hamilton MD,trodriguez@example.net,Stephaniestad
251,Mrs. Ashley Owens,jeremyfischer@example.com,Lopezburgh
252,Rebecca Scott,aconner@example.net,Port Alexis
253,Ariel Zimmerman,grantbrittany@example.org,Lake Sydneyside
254,Anthony Barr,lisaevans@example.net,West Allisonmouth
255,Kyle Jackson,gholt@example.com,Sheilatown
256,Ronald Stanley,lmaldonado@example.com,Garciaport
257,Mrs. Crystal Chase,wilsonhenry@example.net,East Anthony
258,Charles Baldwin,timothygonzalez@example.net,Lake Robertfurt
259,Michelle Mueller,bradleycarter@example.net,North Matthew
260,Robert Schmidt,lindarobinson@example.org,Evanston
261,Jamie Curry,dhughes@example.com,Kristopherport
262,Nicholas West,maciasnicole@example.com,Ryanchester
263,Breanna Friedman,brandonespinoza@example.net,Christinahaven
264,Eileen Tran,katherine66@example.org,West Michael
265,Barbara Moyer,rsmith@example.net,Brittneyland
266,Marissa Hughes,ramirezjohn@example.com,Lisaville
267,Shawn Stewart,andrewsmatthew@example.net,Port Jonathan
268,Mr. Cole Snyder,mikewilliams@example.com,East Catherinetown
269,Michael Wilson,zachary66@example.com,Walkerville
270,Anita Sanders,hollywolfe@example.com,North Martinton
271,Jessica Aguilar,lorimorris@example.com,Johnborough
272,Teresa Miller,nmartinez@example.net,Mclaughlinfort
273,Shane Boyd,uwilliams@example.org,East Shelly
274,Brianna Thomas,allenpaula@example.com,New Brooke
275,Brian Dorsey Jr.,williamsims@example.com,Morrisberg
276,Julie Duran,jason96@example.org,South Patriciaburgh
277,Jacqueline Jordan,colemanveronica@example.net,West Benjaminton
278,Carmen Fleming,frankwalker@example.org,New Christopher
279,Aaron Anthony,omassey@example.net,West Ryan
280,Paula Murphy,elizabeth55@example.org,Pricestad
281,Mallory Cox,stephanieroberts@example.com,Burtonshire
282,Debbie Weiss,jacobgarcia@example.com,Lindaville
283,Crystal Gray,albertbradley@example.org,Wintersmouth
284,Jaclyn Young,dolson@example.com,Williamsmouth
285,Richard Jackson,roberta26@example.net,Mooneyfurt
286,Robert Gregory,ryanbaker@example.com,Marybury
287,Garrett Gonzales,alextaylor@example.net,Austinfort
288,Ivan Pope,edwin02@example.org,Port Christinestad
289,Erica Chen,davidsnyder@example.net,East Donaldton
290,Jason Livingston,romerodonald@example.com,Jasonside
291,Amy Clark,mcross@example.org,South Tanya
292,Mrs. Elizabeth Watson DDS,william92@example.com,South Lisa
293,Teresa Bates,qmorgan@example.org,East Mikehaven
294,Gina Griffin,mhughes@example.com,Danielfurt
295,Russell Booker,qbaxter@example.org,Lake Brittney
296,Rhonda Nelson,ifoster@example.net,Nicholasfurt
297,Jenna Moses,stevensdaniel@example.com,South Amandaland
298,Eugene Myers,richardgonzales@example.org,Sophiaborough
299,Debra Nelson,ddudley@example.net,Robertsland
300,Dawn Fuentes,kelleyanthony@example.net,Lewistown
