lead_id,lead_name,email,source,created_date
1,Maria Moore,greenvickie@example.org,Referral,2025-08-13
2,Sean Mitchell,ariel84@example.org,Website,2025-08-21
3,Kristy Brock,catkins@example.com,Website,2026-01-02
4,Sean Gomez,aprilsmith@example.org,Website,2025-08-29
5,Karen Price,johnstonjennifer@example.net,LinkedIn,2026-01-29
6,Crystal Leblanc,beancassie@example.net,Referral,2026-01-01
7,Julie Moon,quinnpeter@example.net,LinkedIn,2025-03-10
8,Joseph Turner,timothy79@example.com,Website,2025-10-26
9,Brittany Rowland,sarahmartinez@example.com,Referral,2025-08-21
10,Shawn Herman,bethany54@example.net,Referral,2025-04-06
11,Preston Lopez,elaine48@example.org,LinkedIn,2025-10-20
12,Ms. Heather Hammond DVM,robertjohnson@example.net,Website,2026-02-15
13,Kevin Knapp,markjones@example.com,LinkedIn,2025-09-24
14,Haley Hoover,longmatthew@example.com,Website,2025-05-11
15,Matthew Scott,xramirez@example.net,Referral,2025-05-26
16,Andrew Bailey,gonzalezmatthew@example.com,Referral,2025-11-29
17,Wendy Duran,hsingleton@example.com,Referral,2026-01-17
18,Courtney Ortega,nicolegeorge@example.net,Referral,2026-02-20
19,Danielle Mitchell,nicolecollins@example.net,LinkedIn,2026-01-05
20,Joshua Thomas MD,timothydixon@example.net,Website,2026-01-26
21,James Dawson,itaylor@example.org,Referral,2025-09-28
22,Jonathan Vargas,amandabrown@example.org,Referral,2026-03-05
23,Katie Jackson,jonesmonica@example.org,LinkedIn,2025-03-05
24,Robert Page,smiddleton@example.com,Website,2025-10-11
25,Jack Cunningham,nwelch@example.org,LinkedIn,2025-12-31
26,Sharon Brown,charles76@example.net,Referral,2025-05-28
27,Donna Chase,brownchristopher@example.net,LinkedIn,2025-12-14
28,Megan Bennett,uscott@example.net,LinkedIn,2025-10-14
29,Wesley Sullivan,cheryl88@example.org,LinkedIn,2025-09-25
30,Monica Johnson,christophernewman@example.net,LinkedIn,2025-11-10
