customer_id,name,email,country,created_date
1,Mckenzie Cain,bakerwilliam@example.org,Kyrgyz Republic,2024-06-06
2,Dana Humphrey,jamiesanchez@example.com,Norway,2024-07-19
3,Cynthia Jones,wshaw@example.org,Moldova,2025-10-24
4,Michael Stokes,ybrewer@example.net,Jersey,2024-05-29
5,Chelsea Kane,thompsonbrian@example.org,Netherlands Antilles,2024-01-29
6,Bonnie Martin,olsenstephanie@example.com,Guinea,2023-03-31
7,Elizabeth Henry,batesrichard@example.org,Georgia,2025-05-13
8,Christina Lucas,jacqueline00@example.org,Seychelles,2025-06-29
9,Dylan Perkins,vmartin@example.net,Christmas Island,2025-02-06
10,Rose Cook,linda86@example.org,Uganda,2025-08-03
11,Brian Cook,donaldnelson@example.net,Bhutan,2024-01-16
12,Erica Moses,nicolerogers@example.com,Norfolk Island,2023-05-21
13,Daniel Vargas,tadams@example.net,Luxembourg,2024-12-02
14,Anthony Adams,njones@example.com,New Zealand,2023-06-19
15,Michael Matthews,ygiles@example.net,Jersey,2024-08-10
16,Aaron Yang,shelly77@example.org,Comoros,2023-04-26
17,Christopher Harris,dreyes@example.org,Namibia,2024-10-22
18,Kimberly Cobb,zachary26@example.net,United States Minor Outlying Islands,2024-11-03
19,Tiffany Bowers,danamorris@example.org,Trinidad and Tobago,2025-01-21
20,David Love,fowlersamuel@example.org,Mozambique,2024-02-23
21,Pamela Johnson,amberdorsey@example.org,Guernsey,2023-04-20
22,Andrew Hughes,kimwallace@example.org,Cambodia,2025-02-09
23,Michael Mckay,wilsonjessica@example.com,Eritrea,2023-07-05
24,Nicholas Goodman,sotoamber@example.org,Libyan Arab Jamahiriya,2025-04-04
25,Sharon Bennett,jennifer55@example.net,Tokelau,2023-12-27
26,Jermaine Gray,sanchezbrandon@example.com,Aruba,2024-01-22
27,Tammy Romero,christinesmith@example.org,Kenya,2026-02-21
28,Kimberly Holt,bennettcody@example.net,Bosnia and Herzegovina,2024-09-08
29,Taylor Ramirez,hgood@example.net,Sri Lanka,2025-01-12
30,Alexandra Holland,josephkent@example.com,Burkina Faso,2024-12-21
31,Eric Robinson,debra29@example.net,Saint Vincent and the Grenadines,2023-12-24
32,Christine Greer,brendaware@example.net,French Polynesia,2025-05-29
33,Kimberly Garcia,hcantrell@example.com,Uganda,2024-12-13
34,Donald Kelly,elizabethwright@example.org,San Marino,2025-05-10
35,Don Khan,owilliams@example.com,Uganda,2024-06-18
36,Michele Newton,patrick61@example.net,Saint Barthelemy,2023-11-23
37,Charles Colon,zunigamaria@example.com,Qatar,2024-10-13
38,Robert Heath,leahweaver@example.net,American Samoa,2025-09-04
39,Sydney Lee,tyler91@example.net,Costa Rica,2026-01-18
40,Robert Keller,omaddox@example.net,British Virgin Islands,2024-12-30
41,Ivan Lopez,leonardelizabeth@example.net,Tuvalu,2024-07-06
42,Leslie Hill,michaelbrooks@example.org,Western Sahara,2024-02-06
43,Cheyenne Hoffman,nboyle@example.com,Bouvet Island (Bouvetoya),2025-11-27
44,Andrew Gates,ataylor@example.com,Togo,2023-11-27
45,Crystal Estrada,sabrina98@example.net,Andorra,2024-04-03
46,Daniel Johnson,blackjames@example.com,Kyrgyz Republic,2024-01-13
47,Kelly Hansen,martinezcarmen@example.org,Guyana,2024-04-28
48,Lisa Smith,shanedonaldson@example.com,Western Sahara,2024-04-26
49,Nicole Williams,gracehayden@example.com,Liechtenstein,2024-03-22
50,Denise Boyd,kennethmills@example.com,Eritrea,2023-11-13
51,Phillip Mcfarland,mcconnellkatherine@example.net,Turkmenistan,2026-02-02
52,Ryan Williams,muellerkevin@example.net,Thailand,2024-05-07
53,Natasha Adams,jonessylvia@example.com,Sao Tome and Principe,2024-10-27
54,Karen Baker,davistimothy@example.com,India,2024-04-09
55,James Hall,edwardsdavid@example.org,Indonesia,2025-07-30
56,Jamie Turner,robertliu@example.com,Hong Kong,2026-01-20
57,Joseph Brandt,diana80@example.org,Saint Lucia,2024-05-01
58,Tony Baker,paul27@example.net,Zimbabwe,2025-03-14
59,Joshua Clark,alyssasantos@example.org,Greece,2024-10-18
60,Lawrence Fleming Jr.,kathysmith@example.net,British Virgin Islands,2025-10-03
61,Todd Sullivan,emcpherson@example.com,Greenland,2024-06-16
62,Craig Barker,wilsonjonathan@example.org,Solomon Islands,2023-05-30
63,Robert Lewis,vaughnbrandon@example.com,Bermuda,2025-03-31
64,Patrick Hernandez,morgan11@example.org,United States Minor Outlying Islands,2023-10-18
65,Paula Hinton,ozamora@example.org,Christmas Island,2024-08-11
66,Benjamin Jenkins,thomas14@example.com,Lithuania,2024-09-11
67,Karen Mcdonald,megan72@example.com,Cuba,2024-02-10
68,Ronald Peters,toddhudson@example.net,Marshall Islands,2025-02-03
69,Chad Berry,karen05@example.com,Christmas Island,2023-06-21
70,Brenda Saunders,michael68@example.net,Solomon Islands,2026-02-28
71,Kenneth Oconnell,jonesmeghan@example.net,Bhutan,2024-12-29
72,Mitchell Craig DDS,yroman@example.com,Samoa,2023-05-23
73,Shelby King,harrellvickie@example.com,Malaysia,2023-10-24
74,Kristin Meyer,xmunoz@example.org,French Southern Territories,2025-04-20
75,Robert Miller,shodges@example.com,United States Minor Outlying Islands,2024-10-07
76,Donald Houston,corey70@example.org,Moldova,2024-10-29
77,Kayla Perez,nelsonjacob@example.com,Saint Helena,2025-11-07
78,Norma Rosales,reginamiller@example.net,Central African Republic,2025-04-02
79,John Phillips,jaysmith@example.net,Malawi,2025-05-22
80,Andrew Miller,annamorgan@example.net,Congo,2024-01-13
81,Manuel Jones,hendersonnicole@example.org,Tajikistan,2024-12-08
82,Todd Blair,mikebrown@example.net,Bosnia and Herzegovina,2025-10-19
83,Loretta Rice,danielbriggs@example.com,Belgium,2024-01-25
84,Veronica Moore,sextonjacqueline@example.com,Trinidad and Tobago,2024-09-24
85,Amanda Thomas,hensleydaniel@example.com,Pitcairn Islands,2024-04-01
86,Carla Patel,haleycraig@example.org,United Arab Emirates,2024-06-18
87,Angela Jones,masoncourtney@example.com,Sweden,2025-06-20
88,Sandra Haynes,calhounbruce@example.net,Greenland,2023-10-29
89,Michael Joseph,combsrobert@example.net,Nepal,2024-11-01
90,Chelsea Hardin,mcbridejoseph@example.org,Faroe Islands,2023-03-15
91,Katelyn French,mikayla67@example.com,South Georgia and the South Sandwich Islands,2024-09-01
92,Tracey Walker,robertharris@example.net,Albania,2025-05-20
93,Chelsea Wood,tlucero@example.com,Micronesia,2024-05-26
94,Vanessa Moore,denise94@example.net,British Indian Ocean Territory (Chagos Archipelago),2025-07-29
95,George Buchanan,chasediaz@example.org,China,2025-01-21
96,Andrea Smith,imiddleton@example.org,Benin,2023-03-14
97,Kevin Turner,daniel42@example.org,Korea,2023-07-22
98,Terry Cruz,stevenclark@example.org,United Arab Emirates,2024-11-19
99,Carrie Duncan,cooperronald@example.org,Pakistan,2023-09-20
100,Karla Castro,michaeldonaldson@example.net,Iraq,2024-10-06
101,Brent Houston,wallacebrianna@example.org,Western Sahara,2023-09-17
102,Cheryl Yates,nicolelong@example.net,Martinique,2025-01-26
103,Jacob Mercer,michelle09@example.net,Liechtenstein,2023-09-01
104,Tammy Brewer,dpayne@example.net,Paraguay,2025-06-23
105,Molly Rogers,ucollins@example.org,Sierra Leone,2024-01-21
106,Michael Gay,woodsmatthew@example.org,South Georgia and the South Sandwich Islands,2024-01-14
107,Christopher West,victor12@example.com,Dominica,2023-09-24
108,Meredith Kim,urandall@example.net,United States Virgin Islands,2024-04-04
109,Lisa Sandoval,billyrobinson@example.com,Saint Barthelemy,2023-06-16
110,Robert Patterson,theodorehunt@example.com,Honduras,2023-06-02
111,Stephanie Eaton,lopezdonald@example.org,Liechtenstein,2024-04-13
112,Brian Williams,gbrown@example.com,Mongolia,2024-09-23
113,Erin Bailey,christopherpaul@example.com,British Indian Ocean Territory (Chagos Archipelago),2024-08-15
114,William Harris,randolphjessica@example.net,Myanmar,2023-06-12
115,Melinda Dominguez,kylewarren@example.org,Luxembourg,2026-02-10
116,Casey Brown,robertdudley@example.net,Bouvet Island (Bouvetoya),2025-01-24
117,Lindsay Ayers,csmith@example.net,Iraq,2023-03-15
118,Jennifer Cox,taylor71@example.net,San Marino,2024-03-03
119,Laurie Farrell,zcampos@example.org,Benin,2024-03-12
120,David Craig,madison09@example.org,Hong Kong,2025-07-31
121,Christopher Kane,gibsonisabella@example.org,Tuvalu,2023-11-11
122,Austin Dillon,gina81@example.org,Croatia,2024-09-05
123,James Johnson,brianwatson@example.org,Turkey,2024-01-16
124,Nathan Johnson,brian96@example.net,Albania,2024-09-21
125,Mark Wells,ulogan@example.org,Vietnam,2024-08-17
126,Sandra George,colleen60@example.net,Iceland,2023-07-04
127,Dawn Hill,bradyparker@example.org,Libyan Arab Jamahiriya,2023-09-22
128,Jennifer Coleman,jennifercook@example.net,Argentina,2023-07-29
129,Adam Mathews,roberttaylor@example.net,Tonga,2024-12-29
130,Michelle Cisneros,lho@example.com,Chad,2023-11-29
131,Tyler Garcia,gwest@example.org,Puerto Rico,2023-06-17
132,Laura Chen,mccluremichele@example.org,Liberia,2023-03-07
133,Christopher Lucas,tlarson@example.net,Northern Mariana Islands,2023-04-09
134,Daniel Newman,summerhumphrey@example.com,Malta,2023-07-27
135,Troy Johnson,scottperez@example.net,Iran,2025-03-29
136,Ryan Smith,nwhite@example.com,Congo,2024-01-30
137,Juan Webster,chandlermatthew@example.org,Switzerland,2023-06-18
138,Parker Ballard,shaneperry@example.org,Liberia,2023-04-30
139,Amy George,denise64@example.com,Pakistan,2025-05-04
140,Lisa Wagner,moraleslisa@example.org,Netherlands,2023-07-19
141,Julia Robinson,burkesherry@example.org,Russian Federation,2023-07-06
142,Ronald Kim,emurphy@example.com,Palau,2023-04-08
143,Veronica Ruiz,anthony48@example.net,Lao People's Democratic Republic,2024-10-18
144,Seth Edwards,karenstevens@example.net,Kenya,2024-12-18
145,Kristen Smith,jennifer88@example.org,Greece,2023-06-25
146,Patricia Velez,flemingrobert@example.net,Poland,2023-11-22
147,Kimberly Hall,joshua17@example.com,Colombia,2023-06-12
148,Elizabeth Kirk,sarah01@example.org,Holy See (Vatican City State),2023-10-19
149,Christina Johnson,fraziercody@example.net,Jordan,2023-04-11
150,Dr. Debra Perry,ruizstephanie@example.com,Cook Islands,2024-03-14
151,Melissa Mccann,twalker@example.com,Cape Verde,2024-06-25
152,Jennifer Howard,jacksonrodney@example.com,Chad,2025-10-15
153,Lawrence Oconnell,lucas69@example.net,Liberia,2025-12-08
154,Elizabeth Reed,jflynn@example.com,Cuba,2025-05-23
155,Patricia Sherman,carrieblair@example.org,British Indian Ocean Territory (Chagos Archipelago),2023-11-09
156,Linda Gonzales,collinsrobin@example.org,Barbados,2023-12-03
157,Barbara Dean,ashleykim@example.org,Guinea-Bissau,2025-03-28
158,Kevin Terry,brockchristopher@example.net,Greece,2023-11-17
159,Maria Stokes,tobrien@example.org,Cocos (Keeling) Islands,2025-01-16
160,Joshua Yang,greenryan@example.net,Switzerland,2024-04-18
161,Wendy Ford,donnamack@example.net,Palau,2025-07-06
162,Dennis Greene,blin@example.net,Bosnia and Herzegovina,2024-10-07
163,Christopher Blake,tthornton@example.com,Monaco,2024-04-22
164,Thomas Walton,vwiggins@example.com,Denmark,2025-02-05
165,David Wilson,jeremy89@example.net,Nigeria,2026-02-13
166,Elizabeth Clark,caseynielsen@example.net,Malawi,2025-02-21
167,Dana Walker,marisajones@example.com,Honduras,2024-05-03
168,Billy Cervantes,conleyamy@example.org,Cambodia,2025-03-23
169,Andrew Thornton,susan06@example.net,Bolivia,2024-03-04
170,Scott Williams,leslielee@example.com,Vietnam,2025-08-05
171,Anne Paul,david46@example.net,Madagascar,2024-02-29
172,Sarah Johnson,ramirezstephen@example.org,Namibia,2024-09-18
173,Olivia Frazier,smithmary@example.com,Ireland,2023-03-24
174,Mary Sanders,christinawoods@example.net,Cameroon,2023-11-12
175,Rebecca Mendez,jonesdiane@example.net,Nigeria,2023-03-19
176,Jordan Clark,wcoleman@example.net,Uzbekistan,2023-03-20
177,Samantha Pierce,houstonbridget@example.net,Guinea,2025-10-28
178,Dr. Jessica Becker,hhenderson@example.com,Seychelles,2025-01-17
179,Amy Hicks,gonzalezmelanie@example.org,Nigeria,2024-01-20
180,Spencer Ellis,john61@example.com,Cape Verde,2024-07-28
181,Kyle Salazar,johnsoncynthia@example.org,Palau,2023-12-20
182,Mary Ward,michael56@example.com,Latvia,2023-05-02
183,Mary Stewart,ashley60@example.com,Mozambique,2023-09-04
184,Taylor Graham,jeffrey77@example.com,Austria,2024-09-10
185,Jennifer Merritt,cynthiaarnold@example.net,Central African Republic,2025-07-15
186,Timothy Medina,idavis@example.com,Niger,2025-01-26
187,Wendy Brown,raymond64@example.org,American Samoa,2024-10-28
188,Heather Rogers,harrisashley@example.com,Chile,2024-06-21
189,Jason Clark,coopermichael@example.net,Senegal,2025-08-24
190,Jane Palmer,alexis69@example.net,Isle of Man,2023-04-10
191,Jay Kelly,rickcraig@example.net,Ghana,2025-10-08
192,Brandy Ray,nicholas25@example.net,Ecuador,2023-10-02
193,Adam Mccarthy,ericamoran@example.com,Botswana,2025-12-27
194,Julie Ward,sandra29@example.com,Fiji,2023-03-29
195,Janice Cobb,jacobssarah@example.org,Romania,2023-07-24
196,Andrew Cooke,conleybrittney@example.net,Indonesia,2026-03-01
197,Glenda Wall,gabrieljoyce@example.net,Hungary,2023-12-31
198,Michelle Barry,brownmadison@example.org,Gambia,2023-11-28
199,Brittany Luna,brandonellis@example.org,San Marino,2024-11-28
200,Sarah Graves,areed@example.net,Holy See (Vatican City State),2024-06-12
